node,core_number
SUP-00103,9
DST-00072,9
WHS-00088,9
WHS-00091,9
WHS-00011,9
MFG-00112,9
WHS-00029,9
DST-00177,9
SUP-00100,9
RET-00022,9
WHS-00014,9
WHS-00012,9
MFG-00009,9
DST-00042,9
MFG-00114,9
RET-00106,9
SUP-00277,9
SUP-00161,9
RET-00052,9
DST-00135,9
WHS-00038,9
SUP-00199,9
MFG-00071,9
DST-00050,9
DST-00172,9
MFG-00047,9
RET-00098,9
RET-00053,9
RET-00137,9
SUP-00102,9
SUP-00024,9
DST-00129,9
RET-00030,9
MFG-00140,9
DST-00152,9
RET-00125,9
MFG-00013,9
SUP-00097,9
MFG-00029,9
DST-00010,9
MFG-00014,9
WHS-00098,9
RET-00007,9
DST-00111,9
SUP-00059,9
DST-00061,9
WHS-00032,9
DST-00026,9
WHS-00050,9
WHS-00037,9
DST-00044,9
SUP-00108,9
DST-00094,9
SUP-00071,9
RET-00017,9
WHS-00013,9
WHS-00043,9
DST-00155,9
DST-00093,9
DST-00168,9
WHS-00065,9
RET-00149,9
DST-00099,9
MFG-00019,9
SUP-00068,9
SUP-00276,9
SUP-00067,9
WHS-00030,9
MFG-00008,9
SUP-00040,9
WHS-00003,9
WHS-00092,9
RET-00026,9
DST-00117,9
RET-00131,9
DST-00197,9
RET-00143,9
MFG-00088,9
MFG-00052,9
LOG-00015,9
MFG-00137,9
DST-00073,9
MFG-00083,9
MFG-00028,9
MFG-00016,9
SUP-00014,9
MFG-00046,9
DST-00115,9
MFG-00040,9
MFG-00067,9
DST-00005,9
MFG-00128,9
DST-00059,9
SUP-00035,9
SUP-00295,9
DST-00085,9
RET-00129,9
DST-00079,9
RET-00110,9
DST-00105,9
DST-00195,9
DST-00186,9
DST-00112,9
RET-00133,9
MFG-00090,9
DST-00116,9
DST-00027,9
WHS-00053,9
MFG-00102,9
WHS-00080,9
SUP-00162,9
SUP-00056,9
DST-00080,9
RET-00146,9
SUP-00266,9
RET-00018,9
MFG-00146,9
SUP-00261,9
WHS-00064,9
MFG-00126,9
SUP-00202,9
RET-00013,9
RET-00147,9
DST-00006,9
DST-00012,9
WHS-00077,9
SUP-00252,9
WHS-00052,9
WHS-00075,9
WHS-00070,9
MFG-00038,9
RET-00029,9
DST-00194,9
MFG-00022,9
SUP-00245,9
WHS-00072,9
SUP-00045,9
SUP-00121,9
WHS-00040,9
WHS-00001,9
WHS-00048,9
MFG-00010,9
DST-00013,9
RET-00092,9
MFG-00130,9
LOG-00042,9
SUP-00188,9
DST-00043,9
SUP-00041,9
SUP-00157,9
RET-00113,9
LOG-00089,9
RET-00127,9
DST-00077,9
WHS-00021,9
DST-00045,9
WHS-00028,9
DST-00037,9
RET-00140,9
SUP-00111,9
DST-00030,9
MFG-00062,9
MFG-00011,9
DST-00198,9
DST-00022,9
SUP-00063,9
SUP-00139,9
DST-00049,9
DST-00143,9
MFG-00092,9
WHS-00025,9
MFG-00119,9
MFG-00079,9
DST-00040,9
SUP-00231,9
MFG-00033,9
WHS-00007,9
RET-00099,9
WHS-00100,9
MFG-00066,9
MFG-00056,9
SUP-00135,9
MFG-00107,9
DST-00124,9
WHS-00078,9
WHS-00034,9
WHS-00076,9
DST-00097,9
MFG-00032,9
WHS-00006,9
RET-00076,9
SUP-00066,9
DST-00046,9
RET-00069,9
SUP-00166,9
DST-00147,9
DST-00108,9
WHS-00046,9
DST-00086,9
WHS-00089,9
RET-00080,9
SUP-00005,9
MFG-00098,9
MFG-00093,9
DST-00104,9
DST-00011,9
RET-00145,9
MFG-00045,9
DST-00087,9
RET-00055,9
DST-00095,9
RET-00047,9
SUP-00050,9
WHS-00085,9
MFG-00006,9
WHS-00059,9
RET-00058,9
WHS-00015,9
MFG-00131,9
MFG-00007,9
DST-00065,9
SUP-00004,9
MFG-00034,9
RET-00114,9
SUP-00032,9
DST-00126,9
WHS-00041,9
DST-00125,9
WHS-00093,9
DST-00114,9
WHS-00084,9
RET-00095,9
RET-00008,9
WHS-00005,9
SUP-00171,9
DST-00091,9
DST-00075,9
SUP-00267,9
WHS-00082,9
SUP-00006,9
RET-00073,9
RET-00067,9
MFG-00024,9
MFG-00099,9
RET-00045,9
RET-00142,9
SUP-00287,9
SUP-00085,9
WHS-00049,9
LOG-00046,9
DST-00128,9
RET-00108,9
LOG-00097,9
DST-00196,9
RET-00006,9
RET-00138,9
SUP-00082,9
DST-00154,9
SUP-00197,9
DST-00074,9
SUP-00251,9
RET-00051,9
DST-00041,9
MFG-00082,9
DST-00182,9
MFG-00081,9
MFG-00058,9
DST-00019,9
MFG-00063,9
DST-00015,9
RET-00101,9
SUP-00228,9
MFG-00150,9
WHS-00068,9
SUP-00212,9
LOG-00048,9
DST-00138,9
DST-00190,9
DST-00056,9
MFG-00048,9
RET-00104,9
MFG-00085,9
MFG-00077,9
WHS-00095,9
SUP-00259,9
MFG-00059,9
WHS-00060,9
DST-00081,9
DST-00145,9
DST-00118,9
DST-00127,9
MFG-00035,9
RET-00100,9
LOG-00029,9
MFG-00141,9
DST-00092,9
SUP-00156,9
RET-00086,9
DST-00036,9
MFG-00043,9
DST-00179,9
SUP-00213,9
WHS-00079,9
MFG-00053,9
DST-00004,9
MFG-00149,9
WHS-00058,9
DST-00132,9
RET-00049,9
MFG-00111,9
DST-00199,9
MFG-00018,9
WHS-00027,9
RET-00132,9
WHS-00022,9
DST-00158,9
RET-00020,9
SUP-00233,9
WHS-00042,9
SUP-00173,9
DST-00028,9
DST-00083,9
RET-00023,9
DST-00098,9
WHS-00057,9
MFG-00017,9
DST-00180,9
WHS-00073,9
MFG-00012,9
WHS-00054,9
SUP-00134,9
WHS-00062,9
SUP-00145,9
MFG-00027,9
MFG-00125,9
MFG-00001,9
SUP-00292,9
RET-00046,9
SUP-00182,9
RET-00090,9
SUP-00091,9
DST-00103,9
MFG-00121,9
MFG-00095,9
DST-00047,9
MFG-00142,9
DST-00060,9
MFG-00087,9
DST-00175,9
RET-00070,9
LOG-00003,9
RET-00066,9
DST-00192,9
WHS-00096,9
SUP-00174,9
WHS-00056,9
RET-00003,9
MFG-00089,9
SUP-00194,9
SUP-00029,9
SUP-00165,9
DST-00001,9
DST-00131,9
MFG-00124,9
RET-00141,9
SUP-00133,9
DST-00051,9
LOG-00043,9
RET-00061,9
SUP-00074,9
DST-00029,9
WHS-00086,9
MFG-00103,9
DST-00188,9
SUP-00130,9
RET-00038,9
RET-00057,9
MFG-00116,9
MFG-00139,9
SUP-00203,9
MFG-00039,9
RET-00077,9
WHS-00045,9
DST-00082,9
DST-00090,9
DST-00018,9
RET-00148,9
MFG-00143,9
MFG-00106,9
DST-00139,9
SUP-00294,9
RET-00109,9
MFG-00026,9
DST-00014,9
MFG-00049,9
DST-00119,9
DST-00034,9
WHS-00066,9
MFG-00148,9
DST-00069,9
WHS-00033,9
WHS-00061,9
SUP-00265,9
RET-00071,9
DST-00067,9
DST-00058,9
WHS-00010,9
WHS-00090,9
RET-00082,9
WHS-00071,9
SUP-00147,9
SUP-00148,9
DST-00039,9
RET-00037,9
DST-00101,9
MFG-00115,9
DST-00166,9
RET-00032,9
MFG-00069,9
DST-00007,9
MFG-00055,9
MFG-00061,9
SUP-00286,9
SUP-00084,9
MFG-00068,9
MFG-00134,9
MFG-00094,9
DST-00136,9
WHS-00024,9
WHS-00016,9
DST-00184,9
DST-00133,9
RET-00121,9
RET-00042,9
WHS-00083,9
WHS-00097,9
MFG-00004,9
WHS-00002,9
DST-00003,9
WHS-00009,9
RET-00096,9
MFG-00104,9
SUP-00152,9
WHS-00023,9
DST-00137,9
LOG-00001,9
MFG-00120,9
WHS-00039,9
MFG-00110,9
DST-00008,9
DST-00076,9
MFG-00118,9
MFG-00091,9
RET-00112,9
DST-00149,9
MFG-00113,9
MFG-00076,9
WHS-00020,9
RET-00036,9
DST-00084,9
MFG-00097,9
DST-00162,9
DST-00144,9
DST-00156,9
MFG-00037,9
SUP-00153,9
RET-00059,9
SUP-00163,9
DST-00130,9
DST-00054,9
RET-00005,9
SUP-00195,9
WHS-00055,9
MFG-00096,9
SUP-00178,9
WHS-00031,9
RET-00033,9
RET-00021,9
MFG-00117,9
MFG-00145,9
MFG-00127,9
RET-00001,9
DST-00020,9
MFG-00075,9
RET-00116,9
SUP-00038,9
RET-00102,9
MFG-00138,9
RET-00105,9
SUP-00027,9
WHS-00069,9
SUP-00284,9
MFG-00025,9
MFG-00036,9
SUP-00258,9
MFG-00084,9
WHS-00035,9
RET-00111,9
DST-00031,9
RET-00103,9
DST-00066,9
RET-00091,9
RET-00122,9
RET-00002,9
DST-00068,9
RET-00130,9
MFG-00135,9
SUP-00285,9
DST-00173,9
DST-00181,9
DST-00102,9
MFG-00132,9
MFG-00041,9
WHS-00017,9
MFG-00057,9
WHS-00036,9
WHS-00074,9
WHS-00063,9
MFG-00002,9
SUP-00181,9
WHS-00008,9
MFG-00023,9
SUP-00018,9
DST-00024,9
SUP-00117,9
DST-00038,9
MFG-00147,9
WHS-00081,9
SUP-00154,9
WHS-00094,9
DST-00120,9
DST-00153,9
WHS-00018,9
SUP-00039,9
DST-00171,9
DST-00088,9
MFG-00108,9
MFG-00005,9
WHS-00026,9
MFG-00144,9
WHS-00087,9
MFG-00050,9
MFG-00070,9
RET-00063,9
RET-00014,9
WHS-00044,9
SUP-00020,9
MFG-00021,9
DST-00176,9
MFG-00100,9
DST-00021,9
MFG-00054,9
RET-00117,9
MFG-00042,9
MFG-00136,9
RET-00011,9
SUP-00107,9
SUP-00072,9
WHS-00051,9
DST-00165,9
DST-00017,9
MFG-00031,9
SUP-00088,9
MFG-00073,9
DST-00078,9
MFG-00072,9
DST-00100,9
MFG-00020,9
LOG-00012,9
SUP-00281,9
RET-00050,9
RET-00089,9
DST-00187,9
SUP-00077,9
RET-00010,9
DST-00064,8
SUP-00150,8
MFG-00044,8
MFG-00086,8
RET-00124,8
SUP-00175,8
SUP-00232,8
SUP-00250,8
MFG-00051,8
RET-00039,8
LOG-00017,8
SUP-00218,8
DST-00107,8
DST-00063,8
DST-00142,8
SUP-00127,8
LOG-00010,8
RET-00041,8
SUP-00241,8
SUP-00034,8
DST-00023,8
SUP-00291,8
RET-00097,8
RET-00019,8
SUP-00017,8
DST-00062,8
RET-00107,8
DST-00002,8
WHS-00067,8
RET-00087,8
SUP-00257,8
DST-00151,8
SUP-00274,8
SUP-00167,8
RET-00079,8
DST-00170,8
DST-00193,8
DST-00163,8
SUP-00033,8
RET-00028,8
MFG-00065,8
SUP-00204,8
SUP-00080,8
MFG-00003,8
MFG-00129,8
MFG-00123,8
RET-00085,8
DST-00183,8
SUP-00283,8
LOG-00065,8
RET-00123,8
SUP-00070,8
SUP-00132,8
SUP-00001,8
MFG-00105,8
SUP-00113,8
MFG-00074,8
SUP-00200,8
MFG-00109,8
SUP-00209,8
RET-00048,8
DST-00148,8
LOG-00092,8
RET-00119,8
RET-00144,8
DST-00089,8
RET-00134,8
SUP-00023,8
RET-00031,8
MFG-00015,8
SUP-00146,8
SUP-00260,8
MFG-00078,8
DST-00071,8
RET-00084,8
MFG-00030,8
SUP-00112,8
MFG-00122,8
MFG-00133,8
RET-00035,8
SUP-00123,8
WHS-00047,8
SUP-00109,8
DST-00169,8
DST-00191,8
RET-00040,8
SUP-00052,8
SUP-00224,8
SUP-00270,8
DST-00134,8
DST-00150,8
LOG-00100,8
DST-00106,8
SUP-00106,8
SUP-00187,8
RET-00004,8
DST-00159,8
SUP-00198,8
SUP-00280,8
MFG-00101,8
SUP-00073,8
SUP-00282,8
RET-00024,8
SUP-00183,8
SUP-00151,8
SUP-00009,8
SUP-00051,8
LOG-00088,8
DST-00121,8
SUP-00262,8
SUP-00155,8
SUP-00272,8
SUP-00244,8
DST-00141,8
SUP-00293,8
DST-00140,8
SUP-00297,8
SUP-00190,7
LOG-00071,7
SUP-00189,7
SUP-00222,7
LOG-00061,7
RET-00065,7
SUP-00140,7
RET-00009,7
SUP-00236,7
DST-00025,7
SUP-00300,7
SUP-00278,7
RET-00078,7
LOG-00041,7
SUP-00058,7
SUP-00013,7
SUP-00054,7
SUP-00208,7
LOG-00013,7
LOG-00037,7
DST-00189,7
DST-00161,7
SUP-00177,7
SUP-00273,7
SUP-00105,7
SUP-00115,7
DST-00122,7
SUP-00037,7
WHS-00004,7
DST-00174,7
SUP-00002,7
SUP-00296,7
DST-00160,7
RET-00016,7
WHS-00019,7
SUP-00248,7
SUP-00086,7
SUP-00125,7
RET-00034,7
MFG-00060,7
DST-00032,7
LOG-00059,7
SUP-00246,7
SUP-00191,7
SUP-00122,7
SUP-00131,7
LOG-00038,7
SUP-00089,7
SUP-00044,7
SUP-00087,7
SUP-00015,7
SUP-00247,7
SUP-00114,7
RET-00088,7
SUP-00093,7
LOG-00036,7
RET-00054,7
DST-00033,7
SUP-00225,7
LOG-00070,7
DST-00178,7
LOG-00027,7
SUP-00223,7
LOG-00052,7
RET-00081,7
SUP-00007,7
LOG-00053,7
SUP-00255,7
LOG-00007,7
SUP-00185,7
DST-00070,7
LOG-00005,7
SUP-00264,7
SUP-00230,7
SUP-00201,7
DST-00053,7
LOG-00084,7
RET-00027,7
SUP-00168,7
DST-00109,7
SUP-00064,7
SUP-00219,7
LOG-00004,7
LOG-00044,7
LOG-00055,7
LOG-00078,7
SUP-00142,7
LOG-00087,7
LOG-00034,7
RET-00135,7
RET-00060,7
SUP-00229,7
LOG-00095,7
LOG-00082,6
LOG-00033,6
SUP-00210,6
SUP-00211,6
DST-00055,6
RET-00075,6
LOG-00060,6
DST-00096,6
LOG-00073,6
DST-00185,6
SUP-00298,6
LOG-00058,6
SUP-00079,6
DST-00164,6
LOG-00011,6
SUP-00136,6
SUP-00141,6
MFG-00064,6
SUP-00042,6
SUP-00180,6
SUP-00129,6
SUP-00126,6
LOG-00063,6
RET-00072,6
RET-00068,6
SUP-00217,6
LOG-00064,6
SUP-00299,6
WHS-00099,6
DST-00123,6
SUP-00263,6
RET-00083,6
MFG-00080,6
SUP-00169,6
LOG-00014,6
SUP-00025,6
SUP-00075,6
SUP-00239,6
SUP-00090,6
LOG-00028,6
SUP-00008,6
SUP-00268,6
SUP-00010,6
LOG-00049,6
SUP-00069,6
DST-00048,6
RET-00118,6
SUP-00094,6
SUP-00158,6
LOG-00054,6
RET-00056,6
LOG-00075,6
DST-00016,6
SUP-00083,6
SUP-00240,6
DST-00157,6
SUP-00047,6
RET-00150,6
LOG-00085,6
SUP-00096,6
SUP-00098,6
RET-00115,6
SUP-00116,6
SUP-00207,6
LOG-00099,6
SUP-00243,6
LOG-00091,6
SUP-00060,6
SUP-00192,6
SUP-00205,6
SUP-00003,6
DST-00009,5
SUP-00215,5
SUP-00271,5
SUP-00253,5
SUP-00078,5
SUP-00110,5
SUP-00193,5
SUP-00031,5
SUP-00234,5
SUP-00048,5
LOG-00090,5
DST-00057,5
SUP-00099,5
DST-00052,5
LOG-00019,5
SUP-00119,5
RET-00139,5
RET-00136,5
LOG-00026,5
LOG-00067,5
RET-00120,5
SUP-00172,5
SUP-00046,5
SUP-00226,5
RET-00074,5
SUP-00221,5
LOG-00025,5
LOG-00023,5
RET-00093,5
LOG-00080,5
SUP-00028,5
SUP-00065,5
SUP-00124,5
SUP-00019,5
DST-00146,5
LOG-00035,5
LOG-00008,5
DST-00200,5
LOG-00018,5
SUP-00144,5
SUP-00184,5
LOG-00086,5
SUP-00043,5
SUP-00095,5
SUP-00238,5
RET-00043,5
SUP-00120,5
LOG-00031,5
SUP-00081,5
LOG-00022,5
SUP-00101,5
SUP-00242,5
SUP-00179,5
SUP-00290,5
SUP-00196,5
SUP-00256,5
SUP-00137,5
DST-00113,5
SUP-00055,5
LOG-00056,5
DST-00035,5
SUP-00269,4
SUP-00022,4
LOG-00050,4
SUP-00176,4
SUP-00011,4
SUP-00288,4
LOG-00076,4
SUP-00118,4
SUP-00062,4
RET-00044,4
SUP-00159,4
SUP-00164,4
SUP-00026,4
SUP-00170,4
SUP-00275,4
SUP-00036,4
SUP-00186,4
SUP-00289,4
LOG-00040,4
SUP-00076,4
DST-00167,4
SUP-00061,4
SUP-00216,4
LOG-00083,4
LOG-00069,4
LOG-00077,4
SUP-00206,4
LOG-00072,4
LOG-00051,4
LOG-00094,4
DST-00110,4
SUP-00128,4
LOG-00002,4
SUP-00049,4
SUP-00016,4
SUP-00220,4
LOG-00057,4
LOG-00074,4
SUP-00012,4
LOG-00081,4
SUP-00030,4
SUP-00149,4
LOG-00030,4
SUP-00254,4
SUP-00092,4
SUP-00214,3
LOG-00045,3
SUP-00143,3
LOG-00093,3
RET-00062,3
LOG-00098,3
LOG-00020,3
RET-00012,3
SUP-00104,3
LOG-00079,3
LOG-00066,3
LOG-00039,3
LOG-00068,3
SUP-00249,3
LOG-00021,3
RET-00128,3
RET-00025,3
LOG-00096,3
SUP-00235,3
SUP-00138,3
LOG-00024,3
LOG-00016,3
LOG-00006,3
LOG-00062,2
RET-00126,2
SUP-00160,2
SUP-00053,2
LOG-00032,2
SUP-00237,2
SUP-00279,2
SUP-00227,2
RET-00094,2
SUP-00021,1
LOG-00047,1
SUP-00057,1
RET-00064,1
LOG-00009,1
RET-00015,0
