node,in_degree,out_degree,total_degree,betweenness,pagerank,pagerank_reversed,closeness,eigenvector
WHS-00014,39,36,75,0.059728525639643,0.0050712191226531,0.0050599030306189,0.197645848163825,0.1137917765496224
MFG-00131,16,54,70,0.0284837256457424,0.0018457377066929,0.0062268130416149,0.1563822742704131,0.0096944006621973
WHS-00063,29,36,65,0.0506838810711908,0.0028303431950571,0.004828258606023,0.2187769557078157,0.0632914656363497
MFG-00028,9,50,59,0.0230847888265017,0.0012350799281758,0.0068959044013698,0.176413835646906,0.0129196570319906
MFG-00141,6,51,57,0.0104625216521051,0.0010642842551972,0.0053026940463202,0.1506791344189718,0.0053875070346757
WHS-00044,20,36,56,0.0351459882515266,0.002670948262626,0.0037451881559038,0.1920289146458477,0.056144229320207
DST-00149,15,38,53,0.0279075188340988,0.0035767006219345,0.0027527002701894,0.1991629332740785,0.1284303614078602
DST-00084,15,37,52,0.0183771720738359,0.00320099535453,0.0027551395887972,0.185441301793503,0.0475846486141454
WHS-00041,43,8,51,0.0221079729606142,0.0061179348097392,0.0011940689581109,0.2412323070560333,0.1184885280452437
DST-00162,13,37,50,0.0288820355370623,0.0024416068012166,0.0031812158528249,0.190562183805427,0.0524776502831394
DST-00115,13,36,49,0.0226822189420503,0.0032002852735041,0.00240026664384,0.1928280837317698,0.0650985158444444
DST-00042,10,39,49,0.0403337806705275,0.0020478284612721,0.0026826749508184,0.2031549244201922,0.0433802490447092
DST-00112,11,37,48,0.0550299778275939,0.0038751441489111,0.0026789759203462,0.2173111134585171,0.0524656465073632
DST-00019,9,39,48,0.0071338965470456,0.0014320616252162,0.0024862957811873,0.1464936029073337,0.0110166711846414
WHS-00092,38,4,42,0.0125826498849844,0.0032321920929009,0.0012840569527239,0.1846494943562976,0.0493885309182464
DST-00116,7,32,39,0.0119290258020683,0.001358887439296,0.0022563868166741,0.1762221335706801,0.0300082826807491
WHS-00065,35,3,38,0.0035060359098787,0.0036863421865824,0.0006552492532334,0.2286477524404912,0.1022064805461754
WHS-00020,33,2,35,0.0026194040714444,0.0030879416533892,0.0009839384899843,0.1947384189953989,0.0614954402746593
WHS-00025,25,7,32,0.0117377425274217,0.0027757114659824,0.0013008807275368,0.2089799206422918,0.0409413347481269
WHS-00033,29,2,31,0.0075595522350431,0.0028921454757521,0.0006718173716933,0.2080415887343405,0.0580726177426718
