node,community_id
SUP-00079,0
SUP-00245,0
SUP-00235,0
WHS-00062,0
SUP-00223,0
DST-00175,0
RET-00046,0
RET-00129,0
MFG-00025,0
SUP-00237,0
LOG-00059,0
WHS-00010,0
SUP-00116,0
LOG-00092,0
DST-00173,0
MFG-00134,0
DST-00152,0
SUP-00287,0
LOG-00004,0
SUP-00293,0
RET-00089,0
LOG-00088,0
WHS-00060,0
SUP-00255,0
DST-00142,0
RET-00004,0
WHS-00009,0
DST-00049,0
MFG-00058,0
DST-00179,0
SUP-00101,0
DST-00009,0
SUP-00224,0
WHS-00035,0
SUP-00135,0
DST-00055,0
LOG-00006,0
RET-00067,0
DST-00082,0
DST-00126,0
SUP-00281,0
SUP-00298,0
DST-00071,0
RET-00065,0
LOG-00084,0
SUP-00027,0
MFG-00082,0
MFG-00135,0
MFG-00143,0
MFG-00037,0
DST-00042,0
DST-00051,0
WHS-00021,0
SUP-00152,0
MFG-00104,0
DST-00013,0
MFG-00099,0
SUP-00151,0
RET-00147,0
SUP-00270,0
SUP-00295,0
RET-00069,0
SUP-00049,0
RET-00120,0
SUP-00037,0
DST-00112,0
MFG-00009,0
DST-00086,0
SUP-00204,0
WHS-00012,0
MFG-00003,0
SUP-00134,0
SUP-00250,0
MFG-00069,0
SUP-00108,0
DST-00154,0
SUP-00019,0
SUP-00062,0
SUP-00215,0
DST-00072,0
SUP-00138,0
WHS-00072,0
LOG-00003,0
DST-00008,0
MFG-00029,0
SUP-00093,0
SUP-00165,0
DST-00052,0
DST-00158,0
DST-00190,0
DST-00151,0
SUP-00256,0
WHS-00048,0
DST-00195,0
WHS-00094,0
WHS-00098,0
RET-00051,0
DST-00163,0
SUP-00273,0
RET-00057,0
SUP-00248,0
MFG-00096,0
RET-00013,0
DST-00074,0
SUP-00149,0
DST-00081,0
WHS-00054,0
WHS-00067,0
DST-00182,0
DST-00192,0
WHS-00083,0
SUP-00115,0
SUP-00247,0
SUP-00071,0
RET-00106,0
DST-00160,0
WHS-00031,0
SUP-00232,0
WHS-00096,0
WHS-00028,0
RET-00038,0
SUP-00160,0
SUP-00129,0
LOG-00095,0
LOG-00087,0
WHS-00004,0
RET-00073,0
SUP-00028,0
SUP-00090,0
DST-00090,0
SUP-00070,0
RET-00047,0
DST-00044,0
WHS-00065,0
SUP-00205,0
SUP-00183,0
DST-00185,0
MFG-00034,0
MFG-00008,0
SUP-00252,0
RET-00097,0
DST-00147,0
SUP-00054,0
DST-00023,0
LOG-00012,0
DST-00139,0
RET-00036,0
DST-00002,0
RET-00099,0
RET-00101,0
SUP-00243,0
SUP-00030,0
MFG-00148,0
SUP-00279,0
RET-00130,0
SUP-00119,0
DST-00137,0
LOG-00042,0
DST-00075,0
DST-00053,0
DST-00032,0
DST-00038,0
SUP-00234,0
RET-00024,0
MFG-00047,0
MFG-00039,0
MFG-00076,0
DST-00191,0
DST-00094,0
DST-00089,0
SUP-00185,0
RET-00066,0
MFG-00021,0
LOG-00078,0
RET-00131,0
SUP-00146,0
WHS-00041,0
DST-00065,0
DST-00176,0
SUP-00288,0
RET-00119,0
MFG-00063,0
WHS-00011,0
SUP-00155,0
LOG-00082,0
MFG-00065,0
RET-00146,0
LOG-00039,0
DST-00095,0
SUP-00285,0
RET-00064,0
WHS-00068,0
SUP-00120,0
WHS-00091,0
SUP-00184,0
SUP-00010,0
WHS-00070,0
LOG-00091,0
WHS-00026,0
SUP-00231,0
DST-00150,0
MFG-00144,0
RET-00138,0
SUP-00045,0
DST-00167,0
WHS-00095,0
RET-00025,0
DST-00059,0
MFG-00062,0
DST-00070,0
SUP-00109,0
LOG-00007,0
SUP-00082,0
SUP-00128,0
RET-00114,0
WHS-00013,0
SUP-00013,0
SUP-00297,0
DST-00138,0
DST-00136,0
DST-00107,0
MFG-00024,1
LOG-00048,1
MFG-00073,1
SUP-00103,1
WHS-00051,1
WHS-00019,1
SUP-00265,1
SUP-00249,1
SUP-00023,1
SUP-00121,1
SUP-00188,1
LOG-00057,1
SUP-00087,1
WHS-00053,1
SUP-00261,1
SUP-00061,1
MFG-00097,1
LOG-00044,1
RET-00029,1
LOG-00097,1
SUP-00144,1
SUP-00075,1
LOG-00014,1
MFG-00050,1
SUP-00212,1
MFG-00042,1
WHS-00063,1
MFG-00126,1
LOG-00067,1
SUP-00080,1
SUP-00251,1
DST-00157,1
LOG-00022,1
WHS-00075,1
SUP-00088,1
RET-00026,1
DST-00104,1
RET-00059,1
WHS-00086,1
MFG-00139,1
RET-00027,1
LOG-00008,1
DST-00110,1
SUP-00164,1
DST-00149,1
WHS-00076,1
SUP-00167,1
LOG-00041,1
DST-00165,1
RET-00079,1
MFG-00101,1
MFG-00028,1
RET-00123,1
SUP-00158,1
RET-00122,1
RET-00139,1
DST-00022,1
MFG-00078,1
DST-00046,1
DST-00039,1
SUP-00072,1
SUP-00132,1
SUP-00283,1
SUP-00055,1
SUP-00163,1
MFG-00066,1
SUP-00236,1
WHS-00077,1
RET-00016,1
WHS-00007,1
LOG-00054,1
WHS-00034,1
MFG-00011,1
SUP-00097,1
WHS-00050,1
MFG-00110,1
SUP-00216,1
SUP-00244,1
RET-00149,1
DST-00188,1
RET-00132,1
DST-00164,1
SUP-00174,1
RET-00112,1
RET-00077,1
SUP-00202,1
SUP-00035,1
SUP-00040,1
WHS-00088,1
WHS-00099,1
DST-00187,1
LOG-00079,1
MFG-00098,1
DST-00036,1
SUP-00011,1
WHS-00073,1
LOG-00066,1
DST-00178,1
MFG-00091,1
RET-00010,1
RET-00041,1
RET-00023,1
RET-00034,1
DST-00078,1
LOG-00017,1
DST-00171,1
SUP-00058,1
RET-00012,1
SUP-00091,1
SUP-00272,1
DST-00093,1
WHS-00015,1
MFG-00035,1
DST-00119,1
SUP-00096,1
RET-00140,1
DST-00198,1
WHS-00018,1
SUP-00092,1
LOG-00098,1
SUP-00102,1
SUP-00198,1
SUP-00006,1
DST-00131,1
DST-00084,1
SUP-00137,1
MFG-00145,1
MFG-00111,1
DST-00025,1
DST-00128,1
WHS-00001,1
SUP-00002,1
SUP-00050,1
SUP-00074,1
SUP-00034,1
LOG-00071,1
SUP-00209,1
WHS-00036,1
RET-00108,1
MFG-00109,1
WHS-00023,1
RET-00091,1
DST-00106,1
RET-00080,1
SUP-00026,1
LOG-00002,1
SUP-00008,1
SUP-00113,1
SUP-00181,1
SUP-00274,1
RET-00104,1
MFG-00075,1
MFG-00027,1
MFG-00146,1
DST-00168,1
WHS-00042,1
DST-00133,1
RET-00020,1
DST-00170,1
DST-00117,1
SUP-00069,1
DST-00073,1
DST-00120,1
RET-00087,1
WHS-00040,1
DST-00141,1
LOG-00051,1
LOG-00055,1
LOG-00045,1
MFG-00107,1
MFG-00041,1
MFG-00053,1
RET-00001,1
SUP-00299,1
DST-00043,1
SUP-00081,1
SUP-00022,1
SUP-00139,1
SUP-00206,1
RET-00062,1
RET-00121,1
MFG-00112,1
DST-00080,1
SUP-00172,1
DST-00113,1
MFG-00018,1
WHS-00093,1
SUP-00211,1
MFG-00013,1
DST-00021,1
SUP-00294,1
SUP-00186,1
MFG-00059,1
LOG-00013,1
SUP-00254,1
SUP-00032,1
MFG-00048,1
SUP-00197,2
RET-00081,2
WHS-00066,2
MFG-00120,2
DST-00079,2
RET-00058,2
RET-00071,2
SUP-00177,2
LOG-00061,2
MFG-00116,2
RET-00005,2
DST-00124,2
RET-00092,2
MFG-00127,2
SUP-00289,2
MFG-00052,2
LOG-00036,2
LOG-00026,2
RET-00093,2
LOG-00080,2
MFG-00054,2
WHS-00005,2
SUP-00021,2
MFG-00005,2
LOG-00034,2
MFG-00095,2
RET-00031,2
SUP-00189,2
WHS-00003,2
DST-00029,2
SUP-00086,2
MFG-00017,2
DST-00130,2
WHS-00059,2
DST-00101,2
LOG-00096,2
SUP-00286,2
SUP-00195,2
RET-00044,2
RET-00054,2
SUP-00196,2
LOG-00027,2
SUP-00170,2
MFG-00031,2
RET-00018,2
SUP-00033,2
WHS-00025,2
DST-00123,2
DST-00064,2
RET-00070,2
DST-00024,2
SUP-00169,2
MFG-00088,2
RET-00107,2
LOG-00015,2
WHS-00081,2
WHS-00082,2
MFG-00090,2
SUP-00262,2
MFG-00087,2
SUP-00258,2
SUP-00191,2
DST-00007,2
SUP-00046,2
LOG-00037,2
SUP-00157,2
DST-00098,2
DST-00100,2
MFG-00128,2
MFG-00072,2
MFG-00019,2
SUP-00214,2
MFG-00132,2
DST-00066,2
LOG-00052,2
LOG-00032,2
DST-00088,2
LOG-00010,2
MFG-00142,2
DST-00015,2
SUP-00187,2
DST-00087,2
RET-00136,2
SUP-00240,2
RET-00111,2
SUP-00147,2
RET-00021,2
LOG-00035,2
RET-00109,2
MFG-00136,2
RET-00028,2
SUP-00076,2
LOG-00009,2
SUP-00127,2
SUP-00269,2
LOG-00070,2
SUP-00140,2
WHS-00039,2
RET-00145,2
SUP-00296,2
RET-00068,2
DST-00017,2
MFG-00044,2
SUP-00162,2
SUP-00161,2
LOG-00065,2
SUP-00228,2
SUP-00219,2
SUP-00133,2
RET-00094,2
MFG-00055,2
SUP-00042,2
DST-00076,2
SUP-00089,2
WHS-00030,2
SUP-00246,2
SUP-00178,2
RET-00082,2
DST-00047,2
RET-00144,2
RET-00043,2
DST-00186,2
DST-00085,2
SUP-00200,2
SUP-00180,2
MFG-00122,2
LOG-00030,2
RET-00039,2
SUP-00110,2
RET-00100,2
DST-00091,2
RET-00072,2
SUP-00104,2
DST-00140,2
MFG-00080,2
SUP-00230,2
SUP-00263,2
SUP-00136,2
MFG-00118,2
SUP-00290,2
RET-00053,2
SUP-00242,2
WHS-00069,2
RET-00098,2
SUP-00190,2
SUP-00077,2
LOG-00081,2
DST-00169,2
SUP-00227,2
MFG-00149,2
LOG-00005,2
SUP-00241,2
RET-00134,2
RET-00056,2
DST-00058,2
RET-00037,2
LOG-00072,2
DST-00132,2
SUP-00063,2
SUP-00233,2
MFG-00133,2
MFG-00015,2
MFG-00043,2
DST-00057,2
SUP-00148,2
DST-00099,2
MFG-00131,2
RET-00049,2
RET-00116,2
MFG-00123,2
MFG-00094,2
SUP-00300,2
SUP-00159,2
SUP-00194,2
WHS-00055,2
WHS-00008,2
RET-00060,2
DST-00014,2
DST-00061,2
MFG-00085,2
RET-00110,2
DST-00103,2
WHS-00029,2
SUP-00282,2
MFG-00092,2
SUP-00171,2
RET-00115,2
MFG-00030,2
RET-00148,2
SUP-00260,2
LOG-00064,2
LOG-00077,2
WHS-00100,2
RET-00135,2
DST-00108,2
WHS-00056,2
MFG-00026,2
DST-00180,2
WHS-00078,2
DST-00189,3
MFG-00045,3
SUP-00221,3
SUP-00105,3
MFG-00071,3
DST-00146,3
SUP-00141,3
WHS-00022,3
RET-00019,3
MFG-00114,3
MFG-00033,3
MFG-00081,3
SUP-00124,3
WHS-00079,3
RET-00074,3
RET-00103,3
SUP-00193,3
WHS-00057,3
WHS-00045,3
WHS-00016,3
SUP-00173,3
WHS-00087,3
LOG-00021,3
MFG-00102,3
DST-00134,3
WHS-00052,3
SUP-00207,3
MFG-00020,3
LOG-00074,3
LOG-00001,3
DST-00005,3
SUP-00083,3
RET-00086,3
RET-00061,3
SUP-00114,3
RET-00042,3
RET-00050,3
DST-00153,3
MFG-00138,3
SUP-00005,3
DST-00118,3
SUP-00020,3
LOG-00029,3
SUP-00003,3
RET-00007,3
SUP-00012,3
DST-00105,3
DST-00077,3
WHS-00006,3
SUP-00041,3
MFG-00036,3
DST-00011,3
SUP-00047,3
SUP-00225,3
MFG-00121,3
MFG-00022,3
SUP-00053,3
SUP-00057,3
SUP-00239,3
SUP-00068,3
DST-00155,3
SUP-00056,3
MFG-00129,3
LOG-00062,3
SUP-00210,3
RET-00102,3
MFG-00060,3
SUP-00276,3
SUP-00153,3
DST-00144,3
DST-00161,3
SUP-00176,3
DST-00156,3
SUP-00168,3
SUP-00009,3
LOG-00046,3
DST-00097,3
SUP-00203,3
RET-00040,3
MFG-00077,3
RET-00048,3
SUP-00280,3
MFG-00137,3
LOG-00038,3
SUP-00014,3
SUP-00065,3
MFG-00113,3
LOG-00086,3
SUP-00213,3
SUP-00150,3
WHS-00027,3
LOG-00023,3
LOG-00011,3
WHS-00049,3
DST-00109,3
DST-00068,3
SUP-00253,3
SUP-00001,3
SUP-00266,3
SUP-00130,3
MFG-00089,3
MFG-00141,3
SUP-00018,3
WHS-00047,3
SUP-00143,3
DST-00035,3
SUP-00039,3
WHS-00071,3
DST-00006,3
DST-00111,3
MFG-00056,3
DST-00177,3
DST-00143,3
SUP-00284,3
LOG-00020,3
MFG-00124,3
RET-00090,3
DST-00125,3
LOG-00019,3
SUP-00118,3
DST-00172,3
DST-00114,3
MFG-00010,3
LOG-00076,3
LOG-00090,3
WHS-00014,3
WHS-00046,3
RET-00032,3
SUP-00201,3
WHS-00080,3
MFG-00014,3
MFG-00084,3
RET-00095,3
SUP-00292,3
WHS-00097,3
MFG-00046,3
RET-00017,3
DST-00062,3
SUP-00166,3
LOG-00100,3
MFG-00007,3
WHS-00089,3
RET-00003,3
DST-00040,3
SUP-00084,3
WHS-00038,3
SUP-00220,3
WHS-00032,3
SUP-00106,3
RET-00078,3
MFG-00002,3
SUP-00044,3
DST-00193,3
DST-00001,3
DST-00028,3
DST-00050,3
RET-00096,3
SUP-00095,3
DST-00200,3
RET-00002,3
SUP-00226,3
SUP-00064,3
DST-00033,3
DST-00019,3
RET-00045,3
SUP-00024,3
SUP-00016,3
SUP-00278,3
DST-00030,3
SUP-00145,3
DST-00063,3
WHS-00024,3
MFG-00100,3
DST-00054,3
DST-00003,3
SUP-00085,3
SUP-00029,3
MFG-00038,3
SUP-00175,3
SUP-00078,3
RET-00033,3
RET-00014,3
MFG-00068,3
WHS-00084,3
LOG-00060,4
LOG-00075,4
DST-00196,4
RET-00141,4
LOG-00033,4
DST-00166,4
DST-00092,4
MFG-00074,4
SUP-00264,4
SUP-00199,4
MFG-00115,4
LOG-00025,4
SUP-00066,4
SUP-00052,4
SUP-00036,4
LOG-00058,4
DST-00048,4
SUP-00100,4
DST-00159,4
MFG-00150,4
WHS-00074,4
SUP-00277,4
SUP-00154,4
LOG-00083,4
LOG-00093,4
SUP-00094,4
WHS-00090,4
MFG-00070,4
SUP-00107,4
DST-00127,4
RET-00118,4
SUP-00267,4
RET-00125,4
DST-00116,4
LOG-00056,4
WHS-00064,4
RET-00117,4
DST-00199,4
SUP-00257,4
SUP-00238,4
DST-00183,4
MFG-00006,4
WHS-00085,4
SUP-00192,4
SUP-00217,4
RET-00076,4
SUP-00015,4
SUP-00073,4
MFG-00012,4
RET-00011,4
SUP-00099,4
MFG-00140,4
DST-00129,4
SUP-00025,4
RET-00142,4
DST-00102,4
SUP-00275,4
MFG-00040,4
RET-00088,4
DST-00197,4
RET-00008,4
SUP-00098,4
SUP-00043,4
DST-00026,4
RET-00127,4
LOG-00040,4
DST-00194,4
SUP-00179,4
RET-00035,4
MFG-00032,4
DST-00122,4
RET-00126,4
RET-00084,4
RET-00083,4
SUP-00259,4
SUP-00291,4
LOG-00050,4
MFG-00093,4
DST-00027,4
LOG-00031,4
WHS-00037,4
DST-00184,4
MFG-00057,4
MFG-00016,4
LOG-00069,4
MFG-00130,4
DST-00012,4
SUP-00060,4
WHS-00033,4
DST-00135,4
SUP-00117,4
MFG-00049,4
RET-00030,4
SUP-00218,4
WHS-00061,4
RET-00075,4
WHS-00043,4
LOG-00018,4
WHS-00044,4
MFG-00064,4
RET-00143,4
MFG-00147,4
DST-00018,4
MFG-00108,4
SUP-00222,4
SUP-00268,4
DST-00037,4
SUP-00048,4
SUP-00229,4
LOG-00063,4
RET-00133,4
WHS-00020,4
RET-00085,4
SUP-00067,4
SUP-00156,4
DST-00174,4
RET-00150,4
LOG-00049,4
DST-00041,4
DST-00162,4
MFG-00103,4
MFG-00067,4
RET-00137,4
SUP-00111,4
RET-00009,4
SUP-00131,4
DST-00083,4
RET-00105,4
MFG-00051,4
SUP-00271,4
MFG-00117,4
DST-00060,4
LOG-00024,4
MFG-00023,4
LOG-00068,4
SUP-00122,4
SUP-00004,4
DST-00145,4
MFG-00001,4
DST-00096,4
DST-00004,4
RET-00128,4
MFG-00105,4
MFG-00004,4
MFG-00125,4
LOG-00016,4
DST-00016,4
RET-00022,4
SUP-00125,4
LOG-00028,4
SUP-00126,4
RET-00055,4
MFG-00079,4
SUP-00123,4
RET-00052,4
LOG-00053,4
RET-00063,4
SUP-00051,4
DST-00115,4
LOG-00047,4
DST-00067,4
SUP-00031,4
RET-00006,4
SUP-00059,4
DST-00045,4
DST-00181,4
MFG-00083,4
RET-00113,4
SUP-00007,4
SUP-00182,4
SUP-00038,4
LOG-00094,4
SUP-00142,4
SUP-00112,4
WHS-00002,4
SUP-00017,4
LOG-00089,4
LOG-00099,4
WHS-00092,4
MFG-00119,4
DST-00148,4
SUP-00208,4
MFG-00061,4
DST-00020,4
DST-00069,4
DST-00031,4
DST-00056,4
MFG-00086,4
LOG-00085,4
DST-00010,4
RET-00124,4
LOG-00043,4
LOG-00073,4
WHS-00017,4
WHS-00058,4
DST-00034,4
DST-00121,4
MFG-00106,4
RET-00015,5
