node,node_type,num_suppliers,top_supplier,top_supplier_type,supplier_dependency_ratio,total_upstream_weight
DST-00189,distributor,1,MFG-00100,manufacturer,1.0,93.0
DST-00070,distributor,1,WHS-00026,warehouse,1.0,4.0
DST-00020,distributor,1,MFG-00147,manufacturer,1.0,12.0
DST-00171,distributor,1,WHS-00093,warehouse,1.0,98.0
DST-00033,distributor,1,MFG-00038,manufacturer,1.0,56.0
DST-00110,distributor,1,WHS-00050,warehouse,1.0,11.0
DST-00002,distributor,1,WHS-00014,warehouse,1.0,93.0
DST-00142,distributor,1,MFG-00131,manufacturer,1.0,89.0
DST-00109,distributor,1,WHS-00049,warehouse,1.0,84.0
DST-00131,distributor,1,WHS-00051,warehouse,1.0,10.0
MFG-00117,manufacturer,1,SUP-00259,supplier,1.0,6.0
DST-00175,distributor,1,MFG-00135,manufacturer,1.0,103.0
DST-00023,distributor,1,WHS-00013,warehouse,1.0,51.0
DST-00183,distributor,1,MFG-00115,manufacturer,1.0,51.0
DST-00185,distributor,1,MFG-00037,manufacturer,1.0,13.0
DST-00135,distributor,1,MFG-00040,manufacturer,1.0,57.0
DST-00055,distributor,1,WHS-00054,warehouse,1.0,15.0
DST-00136,distributor,1,MFG-00069,manufacturer,1.0,59.0
DST-00032,distributor,1,MFG-00009,manufacturer,1.0,69.0
DST-00170,distributor,1,WHS-00073,warehouse,1.0,8.0
RET-00064,retailer,1,DST-00147,distributor,1.0,57.0
DST-00040,distributor,1,WHS-00089,warehouse,1.0,34.0
DST-00178,distributor,1,MFG-00111,manufacturer,1.0,30.0
DST-00161,distributor,1,MFG-00060,manufacturer,1.0,17.0
DST-00066,distributor,2,WHS-00063,warehouse,0.9204,113.0
DST-00021,distributor,2,MFG-00027,manufacturer,0.8431,102.0
DST-00006,distributor,3,MFG-00108,manufacturer,0.8333,132.0
MFG-00007,manufacturer,8,SUP-00041,supplier,0.7937,979.0
DST-00113,distributor,2,MFG-00109,manufacturer,0.7794,68.0
DST-00172,distributor,3,MFG-00010,manufacturer,0.7789,95.0
DST-00036,distributor,3,MFG-00146,manufacturer,0.7594,133.0
MFG-00099,manufacturer,5,SUP-00224,supplier,0.7354,1081.0
DST-00051,distributor,2,MFG-00028,manufacturer,0.7252,131.0
DST-00158,distributor,2,MFG-00144,manufacturer,0.7,30.0
DST-00153,distributor,2,WHS-00027,warehouse,0.6988,83.0
DST-00034,distributor,3,WHS-00090,warehouse,0.6912,68.0
MFG-00052,manufacturer,2,SUP-00127,supplier,0.68,100.0
MFG-00081,manufacturer,8,SUP-00041,supplier,0.671,1070.0
DST-00156,distributor,2,MFG-00084,manufacturer,0.6642,134.0
DST-00025,distributor,2,MFG-00141,manufacturer,0.6536,153.0
RET-00126,retailer,2,DST-00162,distributor,0.6164,146.0
DST-00096,distributor,2,MFG-00130,manufacturer,0.6149,161.0
MFG-00107,manufacturer,10,SUP-00245,supplier,0.5972,1410.0
MFG-00058,manufacturer,13,SUP-00245,supplier,0.5948,1382.0
DST-00067,distributor,3,MFG-00004,manufacturer,0.5938,128.0
DST-00075,distributor,3,WHS-00044,warehouse,0.5886,158.0
DST-00169,distributor,2,MFG-00133,manufacturer,0.5862,29.0
MFG-00113,manufacturer,11,SUP-00224,supplier,0.5831,1305.0
DST-00076,distributor,3,MFG-00131,manufacturer,0.5802,162.0
MFG-00142,manufacturer,3,SUP-00194,supplier,0.5684,95.0
MFG-00036,manufacturer,11,SUP-00041,supplier,0.5659,1214.0
DST-00012,distributor,3,MFG-00023,manufacturer,0.5645,186.0
MFG-00004,manufacturer,11,SUP-00245,supplier,0.5577,1465.0
DST-00057,distributor,2,MFG-00095,manufacturer,0.5571,70.0
DST-00174,distributor,2,MFG-00028,manufacturer,0.5565,124.0
DST-00145,distributor,3,MFG-00141,manufacturer,0.5526,152.0
DST-00064,distributor,3,WHS-00078,warehouse,0.5489,184.0
DST-00164,distributor,2,WHS-00093,warehouse,0.5455,22.0
DST-00200,distributor,2,MFG-00033,manufacturer,0.5417,24.0
DST-00016,distributor,2,WHS-00063,warehouse,0.5385,13.0
MFG-00064,manufacturer,2,SUP-00126,supplier,0.5385,13.0
DST-00009,distributor,2,MFG-00029,manufacturer,0.5362,69.0
MFG-00034,manufacturer,11,SUP-00224,supplier,0.531,1452.0
MFG-00104,manufacturer,9,SUP-00224,supplier,0.5277,1262.0
DST-00114,distributor,4,MFG-00028,manufacturer,0.5227,132.0
MFG-00060,manufacturer,2,SUP-00284,supplier,0.5227,44.0
DST-00048,distributor,2,WHS-00063,warehouse,0.5227,44.0
WHS-00047,warehouse,3,SUP-00175,supplier,0.5185,27.0
DST-00062,distributor,3,MFG-00033,manufacturer,0.5183,218.0
DST-00199,distributor,3,MFG-00150,manufacturer,0.5179,168.0
DST-00167,distributor,2,WHS-00068,warehouse,0.5155,97.0
RET-00128,retailer,2,DST-00135,distributor,0.5143,35.0
MFG-00021,manufacturer,13,SUP-00245,supplier,0.5092,1518.0
DST-00181,distributor,3,MFG-00131,manufacturer,0.5048,210.0
RET-00094,retailer,2,DST-00008,distributor,0.5,8.0
DST-00123,distributor,3,MFG-00028,manufacturer,0.4923,65.0
DST-00049,distributor,3,MFG-00104,manufacturer,0.4839,217.0
DST-00122,distributor,3,MFG-00119,manufacturer,0.4831,89.0
MFG-00138,manufacturer,16,SUP-00041,supplier,0.4811,1717.0
DST-00083,distributor,3,MFG-00004,manufacturer,0.4661,118.0
WHS-00004,warehouse,4,MFG-00099,manufacturer,0.4581,227.0
DST-00086,distributor,4,WHS-00095,warehouse,0.4578,225.0
DST-00041,distributor,3,MFG-00103,manufacturer,0.4574,223.0
MFG-00065,manufacturer,3,SUP-00062,supplier,0.4444,45.0
DST-00008,distributor,4,WHS-00041,warehouse,0.4343,251.0
DST-00081,distributor,4,MFG-00099,manufacturer,0.4305,223.0
MFG-00146,manufacturer,17,SUP-00224,supplier,0.4188,1982.0
DST-00137,distributor,3,WHS-00010,warehouse,0.4157,89.0
MFG-00083,manufacturer,3,WHS-00090,warehouse,0.4133,150.0
DST-00104,distributor,3,WHS-00014,warehouse,0.411,236.0
RET-00068,retailer,6,MFG-00131,manufacturer,0.4039,255.0
RET-00120,retailer,4,WHS-00014,warehouse,0.4023,261.0
DST-00089,distributor,3,MFG-00131,manufacturer,0.3992,243.0
DST-00134,distributor,4,MFG-00010,manufacturer,0.3984,128.0
DST-00029,distributor,3,MFG-00123,manufacturer,0.3967,242.0
MFG-00094,manufacturer,15,SUP-00245,supplier,0.3956,1906.0
DST-00173,distributor,3,WHS-00014,warehouse,0.3944,142.0
DST-00182,distributor,3,MFG-00058,manufacturer,0.3913,92.0
DST-00099,distributor,5,MFG-00131,manufacturer,0.3909,243.0
WHS-00052,warehouse,8,DST-00156,distributor,0.3843,216.0
MFG-00061,manufacturer,4,SUP-00059,supplier,0.3793,87.0
DST-00094,distributor,3,MFG-00099,manufacturer,0.3782,275.0
DST-00095,distributor,4,MFG-00008,manufacturer,0.3762,210.0
DST-00193,distributor,3,WHS-00032,warehouse,0.3761,109.0
DST-00107,distributor,3,MFG-00058,manufacturer,0.3758,165.0
DST-00030,distributor,4,MFG-00045,manufacturer,0.371,283.0
RET-00025,retailer,3,DST-00086,distributor,0.3636,22.0
DST-00192,distributor,3,MFG-00141,manufacturer,0.3627,204.0
DST-00050,distributor,4,WHS-00024,warehouse,0.3601,286.0
DST-00004,distributor,3,MFG-00147,manufacturer,0.3584,279.0
DST-00125,distributor,3,WHS-00071,warehouse,0.358,81.0
DST-00146,distributor,3,WHS-00097,warehouse,0.3571,56.0
DST-00024,distributor,4,MFG-00072,manufacturer,0.3565,216.0
MFG-00134,manufacturer,24,SUP-00041,supplier,0.3565,2104.0
DST-00035,distributor,3,MFG-00033,manufacturer,0.3562,73.0
RET-00012,retailer,3,DST-00117,distributor,0.3544,79.0
DST-00143,distributor,4,WHS-00063,warehouse,0.354,291.0
DST-00098,distributor,4,MFG-00087,manufacturer,0.3534,266.0
DST-00100,distributor,5,WHS-00014,warehouse,0.3534,249.0
MFG-00030,manufacturer,4,SUP-00263,supplier,0.3529,272.0
DST-00133,distributor,4,MFG-00091,manufacturer,0.3496,266.0
RET-00136,retailer,5,MFG-00017,manufacturer,0.3466,251.0
RET-00062,retailer,3,DST-00141,distributor,0.3448,58.0
RET-00044,retailer,4,DST-00084,distributor,0.344,218.0
DST-00165,distributor,4,MFG-00146,manufacturer,0.3439,189.0
MFG-00124,manufacturer,3,SUP-00166,supplier,0.3413,126.0
WHS-00010,warehouse,9,DST-00147,distributor,0.3377,305.0
DST-00157,distributor,3,MFG-00059,manufacturer,0.3377,77.0
DST-00141,distributor,4,MFG-00018,manufacturer,0.3373,332.0
RET-00075,retailer,6,DST-00184,distributor,0.3366,303.0
DST-00144,distributor,4,MFG-00033,manufacturer,0.3354,316.0
DST-00028,distributor,5,MFG-00071,manufacturer,0.3353,173.0
DST-00120,distributor,4,MFG-00131,manufacturer,0.3348,224.0
DST-00054,distributor,6,MFG-00131,manufacturer,0.3323,328.0
DST-00092,distributor,4,WHS-00043,warehouse,0.3276,290.0
RET-00072,retailer,5,DST-00112,distributor,0.3252,326.0
DST-00159,distributor,5,WHS-00037,warehouse,0.323,322.0
DST-00191,distributor,4,WHS-00044,warehouse,0.3209,215.0
MFG-00078,manufacturer,4,SUP-00075,supplier,0.3179,173.0
DST-00073,distributor,5,MFG-00126,manufacturer,0.3178,321.0
DST-00154,distributor,5,WHS-00026,warehouse,0.317,347.0
DST-00071,distributor,4,WHS-00010,warehouse,0.3158,114.0
MFG-00085,manufacturer,7,SUP-00147,supplier,0.3153,295.0
DST-00058,distributor,5,MFG-00028,manufacturer,0.3133,316.0
MFG-00074,manufacturer,4,SUP-00059,supplier,0.3117,77.0
DST-00179,distributor,5,MFG-00047,manufacturer,0.3103,29.0
RET-00074,retailer,5,WHS-00014,warehouse,0.3095,84.0
DST-00102,distributor,5,WHS-00064,warehouse,0.3089,327.0
DST-00074,distributor,4,MFG-00028,manufacturer,0.3087,298.0
MFG-00140,manufacturer,8,SUP-00052,supplier,0.3069,290.0
RET-00043,retailer,5,DST-00064,distributor,0.3061,294.0
DST-00195,distributor,5,MFG-00021,manufacturer,0.3048,351.0
DST-00044,distributor,4,WHS-00072,warehouse,0.3047,361.0
DST-00063,distributor,4,MFG-00038,manufacturer,0.3026,76.0
WHS-00015,warehouse,8,SUP-00008,supplier,0.2989,348.0
MFG-00119,manufacturer,5,SUP-00052,supplier,0.2985,325.0
DST-00037,distributor,5,MFG-00028,manufacturer,0.2985,325.0
DST-00138,distributor,5,MFG-00058,manufacturer,0.2912,340.0
MFG-00054,manufacturer,8,SUP-00136,supplier,0.2908,251.0
DST-00127,distributor,6,MFG-00125,manufacturer,0.2904,396.0
DST-00187,distributor,4,MFG-00146,manufacturer,0.2901,131.0
MFG-00088,manufacturer,5,SUP-00133,supplier,0.2893,318.0
DST-00045,distributor,6,MFG-00130,manufacturer,0.2887,336.0
DST-00148,distributor,4,WHS-00061,warehouse,0.2881,177.0
MFG-00150,manufacturer,6,SUP-00107,supplier,0.2869,366.0
DST-00121,distributor,5,MFG-00016,manufacturer,0.2857,21.0
DST-00140,distributor,4,WHS-00063,warehouse,0.2853,326.0
RET-00150,retailer,6,DST-00026,distributor,0.2802,414.0
RET-00060,retailer,6,DST-00116,distributor,0.2785,316.0
DST-00155,distributor,5,WHS-00032,warehouse,0.277,361.0
RET-00093,retailer,5,DST-00014,distributor,0.2745,368.0
DST-00013,distributor,5,WHS-00041,warehouse,0.2737,369.0
MFG-00017,manufacturer,6,SUP-00190,supplier,0.2732,421.0
DST-00160,distributor,4,WHS-00063,warehouse,0.272,397.0
DST-00091,distributor,5,MFG-00007,manufacturer,0.2713,387.0
DST-00079,distributor,5,MFG-00094,manufacturer,0.2707,399.0
MFG-00003,manufacturer,6,SUP-00250,supplier,0.2697,178.0
DST-00077,distributor,4,MFG-00100,manufacturer,0.2697,178.0
DST-00038,distributor,6,WHS-00068,warehouse,0.2686,350.0
DST-00129,distributor,5,MFG-00103,manufacturer,0.2674,374.0
DST-00059,distributor,5,MFG-00028,manufacturer,0.2649,404.0
DST-00069,distributor,6,MFG-00004,manufacturer,0.264,322.0
MFG-00079,manufacturer,5,SUP-00208,supplier,0.263,384.0
DST-00003,distributor,6,MFG-00056,manufacturer,0.2581,372.0
DST-00017,distributor,5,MFG-00128,manufacturer,0.2556,356.0
WHS-00067,warehouse,7,MFG-00028,manufacturer,0.2545,110.0
WHS-00099,warehouse,7,SUP-00080,supplier,0.2532,158.0
MFG-00050,manufacturer,6,SUP-00198,supplier,0.2527,91.0
MFG-00147,manufacturer,6,SUP-00156,supplier,0.2518,421.0
DST-00015,distributor,6,MFG-00028,manufacturer,0.2514,350.0
RET-00023,retailer,10,WHS-00044,warehouse,0.2512,422.0
DST-00010,distributor,6,WHS-00058,warehouse,0.25,52.0
RET-00083,retailer,5,DST-00181,distributor,0.2487,394.0
RET-00026,retailer,8,DST-00131,distributor,0.2483,451.0
DST-00056,distributor,5,MFG-00141,manufacturer,0.2476,420.0
DST-00011,distributor,6,MFG-00114,manufacturer,0.2475,400.0
RET-00016,retailer,8,DST-00188,distributor,0.2474,388.0
DST-00166,distributor,5,MFG-00140,manufacturer,0.2472,449.0
RET-00118,retailer,6,DST-00096,distributor,0.2469,409.0
DST-00111,distributor,5,WHS-00097,warehouse,0.2456,399.0
MFG-00043,manufacturer,7,SUP-00133,supplier,0.2453,428.0
WHS-00028,warehouse,5,DST-00149,distributor,0.2435,115.0
MFG-00133,manufacturer,7,SUP-00260,supplier,0.2423,421.0
WHS-00019,warehouse,8,SUP-00186,supplier,0.24,25.0
DST-00126,distributor,5,MFG-00028,manufacturer,0.2395,476.0
MFG-00070,manufacturer,8,SUP-00259,supplier,0.2378,370.0
DST-00068,distributor,7,MFG-00113,manufacturer,0.2372,430.0
MFG-00080,manufacturer,5,SUP-00136,supplier,0.2368,38.0
RET-00034,retailer,6,MFG-00086,manufacturer,0.2334,437.0
DST-00118,distributor,6,WHS-00063,warehouse,0.2321,474.0
MFG-00051,manufacturer,8,SUP-00217,supplier,0.2319,414.0
RET-00039,retailer,9,DST-00084,distributor,0.2315,406.0
DST-00085,distributor,7,MFG-00017,manufacturer,0.2291,454.0
WHS-00008,warehouse,8,SUP-00177,supplier,0.229,345.0
DST-00190,distributor,8,WHS-00012,warehouse,0.2286,433.0
RET-00077,retailer,8,DST-00115,distributor,0.2283,473.0
MFG-00072,manufacturer,7,SUP-00187,supplier,0.2282,425.0
DST-00176,distributor,6,MFG-00104,manufacturer,0.228,465.0
DST-00047,distributor,8,MFG-00131,manufacturer,0.227,467.0
DST-00022,distributor,7,MFG-00018,manufacturer,0.225,120.0
MFG-00091,manufacturer,6,SUP-00294,supplier,0.2244,450.0
RET-00056,retailer,6,DST-00115,distributor,0.2244,450.0
DST-00018,distributor,5,WHS-00090,warehouse,0.2233,506.0
DST-00078,distributor,7,MFG-00112,manufacturer,0.2232,439.0
MFG-00123,manufacturer,7,SUP-00296,supplier,0.2229,480.0
RET-00124,retailer,8,WHS-00044,warehouse,0.2224,490.0
RET-00139,retailer,5,DST-00141,distributor,0.2222,99.0
MFG-00066,manufacturer,9,SUP-00075,supplier,0.222,482.0
DST-00031,distributor,6,WHS-00061,warehouse,0.222,446.0
MFG-00093,manufacturer,7,SUP-00007,supplier,0.2212,434.0
DST-00103,distributor,9,WHS-00078,warehouse,0.2206,494.0
RET-00110,retailer,11,MFG-00141,manufacturer,0.2201,527.0
DST-00082,distributor,6,WHS-00013,warehouse,0.2201,468.0
MFG-00067,manufacturer,6,SUP-00059,supplier,0.2193,456.0
MFG-00116,manufacturer,6,WHS-00014,warehouse,0.2192,479.0
DST-00061,distributor,8,MFG-00118,manufacturer,0.2186,247.0
DST-00106,distributor,5,MFG-00126,manufacturer,0.2171,456.0
RET-00040,retailer,8,WHS-00052,warehouse,0.2149,456.0
WHS-00032,warehouse,9,SUP-00005,supplier,0.2131,488.0
DST-00093,distributor,7,WHS-00007,warehouse,0.2127,456.0
MFG-00019,manufacturer,7,WHS-00069,warehouse,0.2124,452.0
DST-00130,distributor,7,MFG-00007,manufacturer,0.2124,259.0
MFG-00031,manufacturer,6,SUP-00178,supplier,0.2119,472.0
WHS-00023,warehouse,8,DST-00181,distributor,0.2117,477.0
DST-00087,distributor,7,MFG-00131,manufacturer,0.2108,204.0
DST-00007,distributor,6,MFG-00043,manufacturer,0.2105,285.0
MFG-00101,manufacturer,6,WHS-00051,warehouse,0.2101,238.0
RET-00088,retailer,7,DST-00018,distributor,0.2095,105.0
DST-00152,distributor,6,MFG-00028,manufacturer,0.2095,105.0
RET-00097,retailer,9,DST-00023,distributor,0.2083,528.0
RET-00009,retailer,7,MFG-00105,manufacturer,0.2082,466.0
DST-00188,distributor,5,WHS-00014,warehouse,0.2078,462.0
RET-00041,retailer,8,WHS-00036,warehouse,0.2075,506.0
MFG-00105,manufacturer,6,SUP-00268,supplier,0.207,512.0
MFG-00039,manufacturer,8,SUP-00165,supplier,0.2046,479.0
DST-00026,distributor,6,WHS-00014,warehouse,0.2033,541.0
MFG-00020,manufacturer,8,WHS-00063,warehouse,0.2025,489.0
MFG-00102,manufacturer,8,SUP-00105,supplier,0.2007,543.0
MFG-00011,manufacturer,8,SUP-00198,supplier,0.2007,553.0
MFG-00086,manufacturer,7,SUP-00111,supplier,0.2007,543.0
RET-00087,retailer,8,DST-00120,distributor,0.2,25.0
RET-00135,retailer,7,DST-00066,distributor,0.1989,538.0
MFG-00044,manufacturer,8,SUP-00194,supplier,0.1964,550.0
RET-00070,retailer,10,DST-00066,distributor,0.196,495.0
DST-00116,distributor,7,MFG-00081,manufacturer,0.196,602.0
DST-00194,distributor,7,MFG-00125,manufacturer,0.1955,399.0
RET-00048,retailer,8,DST-00042,distributor,0.1954,517.0
MFG-00001,manufacturer,7,SUP-00182,supplier,0.194,562.0
WHS-00050,warehouse,12,MFG-00107,manufacturer,0.1936,470.0
RET-00053,retailer,9,DST-00029,distributor,0.1935,522.0
DST-00001,distributor,7,MFG-00141,manufacturer,0.1934,574.0
MFG-00145,manufacturer,8,SUP-00212,supplier,0.1914,538.0
DST-00101,distributor,8,WHS-00059,warehouse,0.1904,562.0
DST-00043,distributor,7,WHS-00014,warehouse,0.1902,184.0
MFG-00106,manufacturer,7,SUP-00156,supplier,0.1894,132.0
RET-00054,retailer,7,DST-00017,distributor,0.1893,544.0
MFG-00127,manufacturer,7,SUP-00262,supplier,0.1886,493.0
RET-00115,retailer,6,DST-00132,distributor,0.1885,313.0
WHS-00075,warehouse,14,SUP-00088,supplier,0.1883,579.0
DST-00132,distributor,7,MFG-00132,manufacturer,0.1875,576.0
MFG-00129,manufacturer,7,SUP-00173,supplier,0.1866,209.0
RET-00027,retailer,7,DST-00149,distributor,0.1863,510.0
MFG-00132,manufacturer,7,SUP-00170,supplier,0.1854,577.0
RET-00131,retailer,13,DST-00147,distributor,0.1851,578.0
WHS-00017,warehouse,10,DST-00045,distributor,0.1837,332.0
RET-00134,retailer,8,DST-00162,distributor,0.1835,376.0
DST-00027,distributor,10,MFG-00051,manufacturer,0.1828,558.0
MFG-00087,manufacturer,11,SUP-00148,supplier,0.1818,550.0
MFG-00015,manufacturer,7,SUP-00162,supplier,0.1815,562.0
MFG-00125,manufacturer,9,SUP-00107,supplier,0.1811,602.0
WHS-00062,warehouse,11,DST-00138,distributor,0.1792,586.0
DST-00196,distributor,6,MFG-00083,manufacturer,0.1791,67.0
RET-00024,retailer,9,WHS-00079,warehouse,0.1758,546.0
RET-00081,retailer,8,DST-00076,distributor,0.1753,291.0
WHS-00087,warehouse,14,DST-00019,distributor,0.1753,365.0
RET-00069,retailer,12,DST-00086,distributor,0.1751,651.0
RET-00004,retailer,10,DST-00023,distributor,0.175,583.0
DST-00065,distributor,8,WHS-00068,warehouse,0.175,617.0
MFG-00092,manufacturer,10,SUP-00177,supplier,0.1749,223.0
RET-00133,retailer,11,DST-00145,distributor,0.1747,578.0
MFG-00126,manufacturer,11,SUP-00072,supplier,0.1734,594.0
DST-00198,distributor,9,WHS-00018,warehouse,0.1732,589.0
WHS-00031,warehouse,11,MFG-00099,manufacturer,0.1725,632.0
MFG-00076,manufacturer,11,WHS-00009,warehouse,0.172,750.0
MFG-00056,manufacturer,10,SUP-00001,supplier,0.1715,583.0
RET-00031,retailer,9,DST-00088,distributor,0.1707,627.0
RET-00079,retailer,8,WHS-00014,warehouse,0.1706,428.0
DST-00108,distributor,10,MFG-00088,manufacturer,0.1705,258.0
WHS-00048,warehouse,10,SUP-00165,supplier,0.1701,541.0
DST-00184,distributor,9,MFG-00140,manufacturer,0.1699,624.0
WHS-00034,warehouse,12,SUP-00072,supplier,0.1698,577.0
RET-00140,retailer,13,WHS-00075,warehouse,0.1695,596.0
RET-00059,retailer,10,MFG-00018,manufacturer,0.1694,620.0
DST-00186,distributor,8,MFG-00131,manufacturer,0.1692,597.0
DST-00019,distributor,10,MFG-00113,manufacturer,0.1687,563.0
MFG-00045,manufacturer,14,SUP-00145,supplier,0.1682,422.0
DST-00117,distributor,8,MFG-00145,manufacturer,0.1675,621.0
RET-00078,retailer,7,DST-00042,distributor,0.1667,78.0
RET-00107,retailer,8,DST-00029,distributor,0.1667,642.0
DST-00046,distributor,9,WHS-00001,warehouse,0.1661,590.0
DST-00097,distributor,9,MFG-00002,manufacturer,0.1656,610.0
RET-00038,retailer,12,MFG-00113,manufacturer,0.1646,656.0
DST-00090,distributor,8,WHS-00070,warehouse,0.164,677.0
MFG-00122,manufacturer,7,SUP-00033,supplier,0.1632,190.0
MFG-00137,manufacturer,8,SUP-00039,supplier,0.1613,31.0
RET-00109,retailer,12,DST-00066,distributor,0.1613,589.0
RET-00122,retailer,10,DST-00198,distributor,0.1613,31.0
MFG-00112,manufacturer,14,WHS-00088,warehouse,0.1608,622.0
DST-00039,distributor,9,MFG-00107,manufacturer,0.1606,523.0
RET-00028,retailer,10,MFG-00123,manufacturer,0.1599,644.0
WHS-00035,warehouse,9,MFG-00008,manufacturer,0.1597,313.0
MFG-00095,manufacturer,8,SUP-00228,supplier,0.1595,257.0
WHS-00091,warehouse,8,SUP-00108,supplier,0.1594,69.0
RET-00085,retailer,8,DST-00042,distributor,0.1593,615.0
MFG-00005,manufacturer,11,SUP-00200,supplier,0.1592,622.0
RET-00005,retailer,8,DST-00180,distributor,0.1588,655.0
MFG-00143,manufacturer,9,SUP-00270,supplier,0.1585,183.0
DST-00112,distributor,11,MFG-00028,manufacturer,0.1583,638.0
MFG-00009,manufacturer,11,SUP-00119,supplier,0.158,538.0
MFG-00118,manufacturer,10,SUP-00197,supplier,0.1576,641.0
MFG-00109,manufacturer,8,SUP-00050,supplier,0.1573,337.0
MFG-00149,manufacturer,10,SUP-00077,supplier,0.1572,668.0
RET-00084,retailer,10,DST-00056,distributor,0.1572,617.0
MFG-00084,manufacturer,13,WHS-00016,warehouse,0.1571,713.0
RET-00035,retailer,12,DST-00183,distributor,0.1565,543.0
DST-00197,distributor,9,MFG-00081,manufacturer,0.1563,787.0
RET-00065,retailer,8,DST-00075,distributor,0.1561,173.0
RET-00132,retailer,10,DST-00019,distributor,0.1558,661.0
MFG-00027,manufacturer,11,SUP-00244,supplier,0.1556,630.0
MFG-00057,manufacturer,8,SUP-00259,supplier,0.1556,302.0
MFG-00089,manufacturer,9,WHS-00063,warehouse,0.1556,270.0
WHS-00001,warehouse,12,MFG-00011,manufacturer,0.1553,631.0
RET-00144,retailer,8,DST-00147,distributor,0.1548,633.0
MFG-00033,manufacturer,10,SUP-00225,supplier,0.1541,636.0
MFG-00022,manufacturer,12,SUP-00145,supplier,0.1538,650.0
RET-00061,retailer,10,DST-00068,distributor,0.1532,235.0
DST-00105,distributor,8,WHS-00045,warehouse,0.1522,690.0
WHS-00057,warehouse,10,SUP-00166,supplier,0.1521,309.0
MFG-00130,manufacturer,9,SUP-00131,supplier,0.1509,742.0
MFG-00013,manufacturer,9,SUP-00023,supplier,0.1503,712.0
DST-00060,distributor,9,MFG-00108,manufacturer,0.1496,742.0
RET-00114,retailer,10,DST-00149,distributor,0.149,698.0
DST-00168,distributor,9,MFG-00131,manufacturer,0.1486,646.0
RET-00091,retailer,9,DST-00168,distributor,0.1478,690.0
RET-00001,retailer,9,DST-00019,distributor,0.1475,244.0
RET-00003,retailer,9,DST-00156,distributor,0.1475,183.0
WHS-00011,warehouse,11,MFG-00148,manufacturer,0.1468,688.0
MFG-00016,manufacturer,11,SUP-00179,supplier,0.1465,703.0
DST-00080,distributor,10,WHS-00036,warehouse,0.1456,721.0
WHS-00095,warehouse,10,MFG-00062,manufacturer,0.1455,653.0
WHS-00024,warehouse,14,SUP-00280,supplier,0.1453,695.0
MFG-00023,manufacturer,10,WHS-00092,warehouse,0.1437,703.0
MFG-00103,manufacturer,10,SUP-00125,supplier,0.1433,705.0
RET-00019,retailer,9,DST-00125,distributor,0.1429,42.0
RET-00105,retailer,13,DST-00112,distributor,0.1427,750.0
WHS-00069,warehouse,15,SUP-00197,supplier,0.1425,716.0
DST-00042,distributor,9,MFG-00082,manufacturer,0.1421,767.0
RET-00018,retailer,11,MFG-00007,manufacturer,0.1419,740.0
MFG-00069,manufacturer,11,SUP-00293,supplier,0.1417,734.0
MFG-00029,manufacturer,14,SUP-00252,supplier,0.1416,699.0
DST-00119,distributor,10,MFG-00111,manufacturer,0.141,603.0
MFG-00090,manufacturer,9,SUP-00157,supplier,0.1408,142.0
WHS-00009,warehouse,14,MFG-00096,manufacturer,0.1384,708.0
RET-00050,retailer,13,DST-00005,distributor,0.1383,810.0
RET-00145,retailer,11,DST-00112,distributor,0.1381,688.0
DST-00128,distributor,11,MFG-00011,manufacturer,0.1376,821.0
RET-00071,retailer,11,DST-00079,distributor,0.1365,718.0
MFG-00026,manufacturer,11,SUP-00086,supplier,0.1364,814.0
RET-00102,retailer,13,DST-00006,distributor,0.1357,803.0
WHS-00046,warehouse,14,SUP-00002,supplier,0.1343,603.0
RET-00030,retailer,12,WHS-00016,warehouse,0.1341,828.0
MFG-00108,manufacturer,10,SUP-00199,supplier,0.1335,719.0
MFG-00111,manufacturer,12,SUP-00212,supplier,0.1328,798.0
RET-00123,retailer,10,DST-00117,distributor,0.1327,799.0
MFG-00121,manufacturer,11,SUP-00150,supplier,0.132,735.0
RET-00098,retailer,9,DST-00079,distributor,0.1313,800.0
MFG-00139,manufacturer,11,SUP-00181,supplier,0.1302,791.0
MFG-00012,manufacturer,11,SUP-00182,supplier,0.1288,528.0
MFG-00010,manufacturer,13,SUP-00078,supplier,0.1287,785.0
RET-00119,retailer,9,DST-00059,distributor,0.1284,818.0
RET-00121,retailer,12,DST-00147,distributor,0.1276,854.0
DST-00014,distributor,11,WHS-00069,warehouse,0.1273,880.0
MFG-00075,manufacturer,9,WHS-00015,warehouse,0.1271,535.0
MFG-00097,manufacturer,11,SUP-00299,supplier,0.1268,481.0
MFG-00049,manufacturer,11,SUP-00291,supplier,0.1265,672.0
DST-00005,distributor,10,WHS-00014,warehouse,0.1264,823.0
DST-00162,distributor,11,WHS-00092,warehouse,0.1262,832.0
RET-00058,retailer,13,DST-00091,distributor,0.1257,875.0
RET-00063,retailer,17,MFG-00141,manufacturer,0.1257,859.0
RET-00052,retailer,13,DST-00027,distributor,0.1256,892.0
MFG-00136,manufacturer,11,SUP-00180,supplier,0.1253,415.0
DST-00088,distributor,12,WHS-00082,warehouse,0.1243,925.0
MFG-00120,manufacturer,12,SUP-00089,supplier,0.1242,757.0
MFG-00141,manufacturer,16,SUP-00173,supplier,0.1239,767.0
MFG-00014,manufacturer,12,SUP-00078,supplier,0.1236,809.0
MFG-00131,manufacturer,14,SUP-00133,supplier,0.1235,826.0
MFG-00073,manufacturer,12,SUP-00091,supplier,0.1234,867.0
RET-00057,retailer,13,DST-00082,distributor,0.1224,858.0
MFG-00068,manufacturer,11,SUP-00225,supplier,0.1219,484.0
RET-00148,retailer,14,DST-00100,distributor,0.1214,931.0
MFG-00018,manufacturer,12,WHS-00088,warehouse,0.1205,880.0
MFG-00042,manufacturer,13,SUP-00181,supplier,0.1204,274.0
RET-00100,retailer,13,DST-00019,distributor,0.1199,876.0
RET-00047,retailer,14,DST-00044,distributor,0.1194,1005.0
RET-00092,retailer,11,WHS-00082,warehouse,0.1194,444.0
RET-00099,retailer,18,DST-00008,distributor,0.119,933.0
RET-00076,retailer,11,MFG-00140,manufacturer,0.1188,345.0
MFG-00041,manufacturer,14,WHS-00088,warehouse,0.118,881.0
RET-00086,retailer,16,DST-00153,distributor,0.1178,849.0
RET-00037,retailer,13,DST-00064,distributor,0.1173,844.0
WHS-00036,warehouse,17,SUP-00102,supplier,0.1172,913.0
MFG-00059,manufacturer,12,SUP-00040,supplier,0.1172,930.0
RET-00147,retailer,13,WHS-00014,warehouse,0.117,1017.0
MFG-00144,manufacturer,14,SUP-00232,supplier,0.1165,850.0
MFG-00128,manufacturer,16,SUP-00191,supplier,0.1164,816.0
WHS-00026,warehouse,14,DST-00008,distributor,0.1161,913.0
DST-00180,distributor,12,MFG-00141,manufacturer,0.1161,896.0
RET-00138,retailer,14,DST-00049,distributor,0.1159,889.0
RET-00104,retailer,12,DST-00093,distributor,0.1159,889.0
MFG-00037,manufacturer,11,SUP-00248,supplier,0.1157,121.0
MFG-00071,manufacturer,12,SUP-00001,supplier,0.115,626.0
MFG-00002,manufacturer,11,SUP-00085,supplier,0.1138,861.0
RET-00125,retailer,15,DST-00031,distributor,0.1138,975.0
MFG-00025,manufacturer,13,SUP-00234,supplier,0.1119,679.0
RET-00111,retailer,13,DST-00084,distributor,0.1117,752.0
RET-00022,retailer,12,DST-00042,distributor,0.1116,681.0
WHS-00084,warehouse,12,SUP-00001,supplier,0.1115,296.0
DST-00115,distributor,13,MFG-00079,manufacturer,0.1106,922.0
RET-00090,retailer,13,DST-00040,distributor,0.1104,969.0
WHS-00054,warehouse,15,DST-00042,distributor,0.1102,953.0
RET-00042,retailer,15,DST-00062,distributor,0.1098,164.0
MFG-00082,manufacturer,14,SUP-00027,supplier,0.1096,985.0
WHS-00088,warehouse,15,MFG-00131,manufacturer,0.1092,907.0
MFG-00048,manufacturer,14,SUP-00188,supplier,0.109,862.0
MFG-00055,manufacturer,15,SUP-00147,supplier,0.1088,956.0
MFG-00063,manufacturer,15,SUP-00070,supplier,0.1086,921.0
RET-00013,retailer,12,DST-00151,distributor,0.1081,999.0
DST-00124,distributor,12,MFG-00007,manufacturer,0.108,917.0
MFG-00040,manufacturer,13,SUP-00257,supplier,0.1079,547.0
RET-00045,retailer,12,DST-00097,distributor,0.1078,714.0
WHS-00006,warehouse,18,MFG-00114,manufacturer,0.1072,961.0
WHS-00078,warehouse,17,DST-00180,distributor,0.1068,946.0
WHS-00072,warehouse,15,DST-00126,distributor,0.1066,1079.0
RET-00116,retailer,16,DST-00088,distributor,0.106,1009.0
WHS-00083,warehouse,15,MFG-00025,manufacturer,0.1055,777.0
WHS-00059,warehouse,19,MFG-00017,manufacturer,0.1049,991.0
RET-00108,retailer,16,MFG-00035,manufacturer,0.1049,915.0
MFG-00114,manufacturer,15,SUP-00175,supplier,0.1044,948.0
RET-00020,retailer,17,WHS-00044,warehouse,0.1038,1069.0
WHS-00098,warehouse,16,SUP-00285,supplier,0.1025,985.0
MFG-00100,manufacturer,15,SUP-00130,supplier,0.1022,988.0
WHS-00051,warehouse,19,SUP-00088,supplier,0.1016,1102.0
WHS-00077,warehouse,18,SUP-00102,supplier,0.1016,974.0
WHS-00068,warehouse,16,SUP-00037,supplier,0.1015,1034.0
RET-00007,retailer,15,DST-00042,distributor,0.1015,197.0
MFG-00038,manufacturer,19,WHS-00016,warehouse,0.1013,1056.0
WHS-00081,warehouse,17,SUP-00233,supplier,0.101,396.0
MFG-00053,manufacturer,14,SUP-00040,supplier,0.1007,1142.0
RET-00055,retailer,13,DST-00056,distributor,0.1004,1086.0
RET-00008,retailer,19,DST-00149,distributor,0.1003,1047.0
WHS-00086,warehouse,13,SUP-00006,supplier,0.1,140.0
RET-00137,retailer,16,DST-00115,distributor,0.0998,862.0
RET-00021,retailer,15,DST-00079,distributor,0.0992,1038.0
RET-00029,retailer,12,DST-00149,distributor,0.0989,536.0
DST-00177,distributor,14,WHS-00052,warehouse,0.0988,1134.0
RET-00051,retailer,17,WHS-00012,warehouse,0.0985,1076.0
RET-00032,retailer,20,DST-00068,distributor,0.0981,1091.0
RET-00101,retailer,18,DST-00042,distributor,0.0979,1052.0
RET-00112,retailer,15,DST-00117,distributor,0.0976,984.0
RET-00129,retailer,14,WHS-00026,warehouse,0.0975,769.0
MFG-00115,manufacturer,13,SUP-00066,supplier,0.0973,1048.0
MFG-00028,manufacturer,14,SUP-00032,supplier,0.0968,1054.0
WHS-00071,warehouse,15,SUP-00056,supplier,0.0965,736.0
RET-00143,retailer,16,DST-00092,distributor,0.0965,1016.0
RET-00017,retailer,16,DST-00149,distributor,0.0962,1071.0
RET-00142,retailer,12,DST-00148,distributor,0.096,396.0
WHS-00018,warehouse,18,SUP-00097,supplier,0.095,1231.0
MFG-00098,manufacturer,14,SUP-00032,supplier,0.0946,613.0
WHS-00007,warehouse,20,SUP-00035,supplier,0.0938,1152.0
RET-00082,retailer,17,DST-00132,distributor,0.0938,1152.0
RET-00066,retailer,17,DST-00195,distributor,0.0923,661.0
MFG-00046,manufacturer,20,SUP-00078,supplier,0.0922,1236.0
RET-00080,retailer,16,DST-00080,distributor,0.0921,1086.0
DST-00149,distributor,15,MFG-00145,manufacturer,0.0919,1143.0
RET-00127,retailer,16,DST-00183,distributor,0.0919,1077.0
MFG-00035,manufacturer,16,SUP-00040,supplier,0.0918,1187.0
WHS-00043,warehouse,22,DST-00096,distributor,0.0912,1064.0
RET-00036,retailer,15,DST-00059,distributor,0.0909,121.0
WHS-00074,warehouse,21,MFG-00125,manufacturer,0.0908,1112.0
WHS-00021,warehouse,14,MFG-00104,manufacturer,0.0902,399.0
MFG-00110,manufacturer,19,WHS-00042,warehouse,0.0898,1247.0
WHS-00040,warehouse,17,DST-00036,distributor,0.0894,1107.0
RET-00002,retailer,16,DST-00118,distributor,0.0892,1233.0
RET-00146,retailer,16,DST-00049,distributor,0.0886,1084.0
WHS-00005,warehouse,21,MFG-00005,manufacturer,0.0885,1277.0
RET-00049,retailer,17,DST-00029,distributor,0.0875,1200.0
WHS-00060,warehouse,17,DST-00116,distributor,0.0872,1227.0
WHS-00094,warehouse,16,SUP-00109,supplier,0.087,713.0
RET-00046,retailer,21,DST-00074,distributor,0.0864,1262.0
RET-00106,retailer,19,DST-00150,distributor,0.0858,1293.0
RET-00096,retailer,18,DST-00177,distributor,0.0857,1330.0
MFG-00062,manufacturer,18,SUP-00045,supplier,0.0856,1273.0
RET-00014,retailer,19,DST-00011,distributor,0.0853,1090.0
WHS-00082,warehouse,18,MFG-00026,manufacturer,0.0852,1303.0
DST-00084,distributor,14,MFG-00139,manufacturer,0.0851,1222.0
WHS-00045,warehouse,20,SUP-00039,supplier,0.0849,1284.0
WHS-00076,warehouse,26,MFG-00107,manufacturer,0.0848,1320.0
WHS-00097,warehouse,18,MFG-00141,manufacturer,0.0837,1219.0
RET-00089,retailer,19,WHS-00060,warehouse,0.0831,1300.0
WHS-00058,warehouse,20,MFG-00125,manufacturer,0.0827,798.0
MFG-00024,manufacturer,17,SUP-00103,supplier,0.0823,401.0
MFG-00148,manufacturer,21,SUP-00134,supplier,0.082,1330.0
MFG-00006,manufacturer,19,SUP-00007,supplier,0.0818,1344.0
WHS-00049,warehouse,23,MFG-00036,manufacturer,0.0814,1388.0
RET-00103,retailer,15,DST-00115,distributor,0.081,630.0
RET-00130,retailer,21,MFG-00111,manufacturer,0.0806,1340.0
RET-00006,retailer,19,MFG-00131,manufacturer,0.0806,1253.0
MFG-00032,manufacturer,18,SUP-00142,supplier,0.0801,1024.0
RET-00141,retailer,17,DST-00056,distributor,0.0798,401.0
WHS-00012,warehouse,27,SUP-00250,supplier,0.0796,1307.0
MFG-00008,manufacturer,19,SUP-00295,supplier,0.079,1253.0
WHS-00042,warehouse,21,MFG-00112,manufacturer,0.0789,1394.0
WHS-00093,warehouse,25,SUP-00198,supplier,0.0789,1508.0
MFG-00077,manufacturer,23,SUP-00145,supplier,0.0776,1378.0
RET-00073,retailer,18,MFG-00141,manufacturer,0.0775,1019.0
MFG-00135,manufacturer,20,SUP-00231,supplier,0.0763,1336.0
WHS-00038,warehouse,27,DST-00155,distributor,0.0761,1366.0
WHS-00090,warehouse,26,SUP-00117,supplier,0.0755,1417.0
WHS-00089,warehouse,20,MFG-00141,manufacturer,0.075,1573.0
RET-00033,retailer,21,DST-00005,distributor,0.0749,1496.0
WHS-00030,warehouse,21,DST-00149,distributor,0.0738,1396.0
RET-00113,retailer,17,DST-00012,distributor,0.0728,1428.0
RET-00010,retailer,20,DST-00106,distributor,0.0714,1499.0
WHS-00037,warehouse,22,DST-00183,distributor,0.0697,1579.0
RET-00011,retailer,21,DST-00184,distributor,0.0693,1573.0
WHS-00073,warehouse,24,DST-00021,distributor,0.0691,1607.0
WHS-00044,warehouse,28,SUP-00208,supplier,0.069,1507.0
WHS-00013,warehouse,21,DST-00019,distributor,0.0686,1619.0
RET-00149,retailer,24,DST-00021,distributor,0.0684,1609.0
WHS-00080,warehouse,23,MFG-00020,manufacturer,0.068,1588.0
WHS-00055,warehouse,23,SUP-00262,supplier,0.0678,1519.0
WHS-00070,warehouse,30,SUP-00204,supplier,0.0674,1705.0
WHS-00003,warehouse,24,DST-00079,distributor,0.0668,1093.0
WHS-00016,warehouse,24,SUP-00018,supplier,0.0665,1593.0
WHS-00066,warehouse,28,DST-00019,distributor,0.0664,1537.0
RET-00117,retailer,24,MFG-00061,manufacturer,0.0663,1630.0
WHS-00100,warehouse,24,SUP-00281,supplier,0.0656,1205.0
RET-00095,retailer,23,MFG-00014,manufacturer,0.0643,1555.0
WHS-00022,warehouse,21,DST-00153,distributor,0.0635,504.0
WHS-00027,warehouse,31,SUP-00107,supplier,0.0618,1860.0
MFG-00096,manufacturer,26,SUP-00293,supplier,0.0612,1716.0
WHS-00039,warehouse,30,SUP-00245,supplier,0.061,1720.0
WHS-00096,warehouse,25,DST-00082,distributor,0.0599,1853.0
MFG-00047,manufacturer,27,WHS-00044,warehouse,0.0596,1746.0
WHS-00085,warehouse,23,DST-00096,distributor,0.0587,818.0
WHS-00061,warehouse,27,SUP-00059,supplier,0.0585,1829.0
WHS-00064,warehouse,28,SUP-00154,supplier,0.0569,1898.0
WHS-00063,warehouse,30,DST-00147,distributor,0.056,1912.0
RET-00067,retailer,24,MFG-00062,manufacturer,0.0559,1913.0
WHS-00079,warehouse,31,DST-00162,distributor,0.0546,2034.0
WHS-00002,warehouse,32,MFG-00140,manufacturer,0.0536,2035.0
WHS-00025,warehouse,33,MFG-00043,manufacturer,0.048,2313.0
WHS-00029,warehouse,35,MFG-00094,manufacturer,0.0478,2258.0
WHS-00065,warehouse,35,DST-00059,distributor,0.047,2362.0
WHS-00056,warehouse,34,DST-00084,distributor,0.0442,2647.0
WHS-00053,warehouse,32,MFG-00146,manufacturer,0.0441,1427.0
WHS-00020,warehouse,36,MFG-00119,manufacturer,0.0434,2486.0
WHS-00033,warehouse,36,SUP-00041,supplier,0.042,2309.0
WHS-00092,warehouse,42,MFG-00016,manufacturer,0.0381,2969.0
WHS-00014,warehouse,46,MFG-00022,manufacturer,0.0373,2978.0
WHS-00041,warehouse,48,MFG-00135,manufacturer,0.0362,2984.0
