month,num_nodes,num_edges,density,weakly_connected_components,largest_wcc_fraction,avg_total_degree,global_efficiency,avg_clustering,num_communities,modularity
2024-01,760,3068,0.005318632549753831,1,1.0,8.073684210526316,0.3145433742465581,0.053473890450397174,8,0.6046565344246139
2024-02,766,3182,0.005430126793972594,1,1.0,8.308093994778067,0.31661251329734075,0.05148006513859754,6,0.6090075893490761
2024-03,772,3305,0.005552643427887878,1,1.0,8.562176165803109,0.31847520995403605,0.05408903343148077,7,0.6319195656869023
2024-04,782,3379,0.005532614426386265,1,1.0,8.641943734015346,0.31824845843346067,0.05246065889230557,7,0.6337948078769823
2024-05,789,3439,0.005531322177401195,1,1.0,8.717363751584283,0.3180441626520082,0.054624639285880044,7,0.6255656373477984
2024-06,796,3517,0.005557662526468822,1,1.0,8.836683417085426,0.318821044426558,0.05654652049455489,7,0.6469593492587209
2024-07,802,3624,0.005641327393127667,1,1.0,9.037406483790523,0.320118555049235,0.054967154923122895,6,0.6384340416385068
2024-08,809,3679,0.0056282049713005915,1,1.0,9.095179233621755,0.3202341541335582,0.054202774712918574,6,0.6510377629358909
2024-09,815,3752,0.005655627741517312,1,1.0,9.207361963190184,0.32035528557127535,0.05472654927274991,7,0.6498662969055761
2024-10,822,3811,0.005647080440149246,1,1.0,9.27250608272506,0.3202482877994135,0.05448291657826586,5,0.6519608692046182
2024-11,828,3911,0.005711523520786966,1,1.0,9.446859903381643,0.32100027844605283,0.05592533962055349,7,0.647434142202437
2024-12,835,4017,0.005768319476155603,1,1.0,9.621556886227545,0.32198691346467456,0.05693329443172728,7,0.6494522111304012
2025-01,842,4107,0.005799848048782554,1,1.0,9.755344418052257,0.32235401056275415,0.05424418232695118,7,0.654246059342304
2025-02,848,4204,0.0058530663161881,1,1.0,9.915094339622641,0.3235330671345242,0.053930346152441584,6,0.6599150260081856
2025-03,854,4300,0.005902847368840104,1,1.0,10.070257611241217,0.32430060410540035,0.05377246103006315,5,0.6582452587674115
2025-04,860,4365,0.005908709424154642,1,1.0,10.151162790697674,0.3246868541948117,0.05542128775033751,6,0.6654239442066064
2025-05,866,4458,0.005951220814588367,1,1.0,10.295612009237875,0.32526656788182956,0.057237962534750664,7,0.6606370535037182
2025-06,871,4539,0.00598994417831268,1,1.0,10.422502870264065,0.3254512143103746,0.05750241319549092,7,0.6663793218005912
2025-07,877,4622,0.006016255082967568,1,1.0,10.54047890535918,0.3254588772104432,0.05825864754024957,6,0.6649412650355686
2025-08,883,4716,0.006055423301823561,1,1.0,10.681766704416761,0.3263356984941114,0.05974688011257151,5,0.6687787588473448
2025-09,890,4781,0.00604264354596125,1,1.0,10.743820224719101,0.326125006847911,0.060568948549332986,5,0.6701668005949182
2025-10,896,4872,0.0060754189944134075,1,1.0,10.875,0.32710465715806175,0.06041213798976379,5,0.6709813369832476
2025-11,901,4967,0.0061252928844493775,1,1.0,11.025527192008878,0.32773589016497634,0.06211772775112534,5,0.6701933358911589
2025-12,905,5034,0.00615313156994084,1,1.0,11.12486187845304,0.3273552372122178,0.06205906963146238,5,0.6771951542240137
