month,node,total_degree,betweenness,pagerank
2024-01,WHS-00014,59,0.06906562744855076,0.008624544165654233
2024-01,MFG-00131,54,0.04443137575599146,0.002280019350474948
2024-01,WHS-00063,46,0.044396029219124236,0.004106552507354478
2024-01,MFG-00141,46,0.014340261304068748,0.0015096095524712065
2024-01,DST-00149,44,0.03440016930073868,0.0043815730781119845
2024-01,DST-00042,43,0.05609797166619435,0.0032474996626909
2024-01,MFG-00028,42,0.024266703575829718,0.0025633406927108985
2024-01,WHS-00044,41,0.03492981937961696,0.002361215238433305
2024-01,DST-00112,38,0.039003785159706206,0.0036253070025030754
2024-01,DST-00115,37,0.019858924194276407,0.0022155111418448365
2024-01,DST-00019,37,0.006746555198304038,0.001391832480395921
2024-01,DST-00084,36,0.01615846597626797,0.003921206140356518
2024-01,WHS-00041,35,0.021360607077074864,0.006770741996887508
2024-01,DST-00162,33,0.03330798769999456,0.005019969479060821
2024-01,WHS-00092,33,0.014983057573700446,0.006212167838072112
2024-01,DST-00116,29,0.015246441501978375,0.0014773256840897638
2024-01,WHS-00029,27,0.01701762625282955,0.004949048383176665
2024-01,WHS-00065,27,0.0011583261914074109,0.004675491592970998
2024-01,DST-00147,26,0.0,0.0004915908398798583
2024-01,WHS-00020,25,0.0,0.004199461001947951
2024-02,WHS-00014,58,0.06412696678079952,0.0064080685910743425
2024-02,MFG-00131,55,0.0442404227615858,0.0026744730187005846
2024-02,MFG-00141,48,0.013373313235617025,0.0010610472642635408
2024-02,WHS-00063,45,0.0407975857265247,0.003314877599297442
2024-02,WHS-00044,44,0.040972264235049065,0.003514555742697704
2024-02,DST-00149,44,0.03038842054366174,0.0038640513759194187
2024-02,MFG-00028,44,0.023856773825000985,0.002115461968634923
2024-02,DST-00042,43,0.05633851999304915,0.0033016380323874325
2024-02,DST-00084,38,0.020290390931769646,0.004376047949173209
2024-02,DST-00112,38,0.04017993261750355,0.002538749997592542
2024-02,WHS-00092,37,0.02304129785469521,0.005882757081437456
2024-02,DST-00115,37,0.01240246050408332,0.0020059427911008933
2024-02,DST-00019,37,0.006670527313249827,0.001222265006675119
2024-02,DST-00162,35,0.028447472322479208,0.002522097386510728
2024-02,WHS-00041,34,0.020835562698329545,0.006041622881593514
2024-02,DST-00116,29,0.017351151957289063,0.001678791365608444
2024-02,WHS-00029,27,0.015151426553444678,0.004935592003278906
2024-02,WHS-00020,27,0.0,0.004529777223977878
2024-02,DST-00147,26,0.0,0.0004908325566963193
2024-02,WHS-00065,26,0.001061161266161961,0.004097642348286924
2024-03,WHS-00014,58,0.06835111055888486,0.006665950381987426
2024-03,MFG-00131,55,0.04085335730985362,0.0021654080854294137
2024-03,MFG-00141,49,0.013130912214707148,0.0014669902112282008
2024-03,WHS-00063,48,0.04562555303293606,0.0034172733189367093
2024-03,MFG-00028,45,0.02192078585181563,0.0023273209820214662
2024-03,DST-00149,43,0.029138003292470085,0.003888136320767947
2024-03,WHS-00044,43,0.03919073399013163,0.002961848405574297
2024-03,DST-00042,43,0.05331399949959665,0.003702581407338386
2024-03,DST-00084,42,0.020505826246612024,0.004659437268635476
2024-03,DST-00115,39,0.013102133165788243,0.0026252128736799518
2024-03,DST-00112,39,0.04078513812453409,0.0027277851648466757
2024-03,DST-00162,38,0.0298734311351509,0.0026510999647094665
2024-03,DST-00019,38,0.005959024742699305,0.0013091552543701623
2024-03,WHS-00092,36,0.02190536090403308,0.004505366714129929
2024-03,WHS-00041,35,0.02076896020590867,0.006306982664025314
2024-03,DST-00116,30,0.016522793076260936,0.0017781737396794985
2024-03,WHS-00065,29,0.0050087888323553115,0.0038163340290786395
2024-03,WHS-00020,28,0.0,0.004857291978943037
2024-03,WHS-00056,27,0.00578769998660266,0.005064567695157364
2024-03,WHS-00029,27,0.01098552051909489,0.0038017738482572366
2024-04,WHS-00014,59,0.0698561527260012,0.006014070006503295
2024-04,MFG-00131,56,0.044352857214649315,0.002532178247890754
2024-04,WHS-00063,48,0.04369157083282482,0.002972997449122744
2024-04,MFG-00141,48,0.012158675514035308,0.0011126771891652682
2024-04,MFG-00028,45,0.020998468475598574,0.0021364495757308583
2024-04,DST-00042,43,0.04955385725164157,0.0036290117337676535
2024-04,WHS-00044,41,0.0359909212901978,0.0029105783159649114
2024-04,DST-00084,41,0.018619042084515033,0.0037702932424276974
2024-04,DST-00149,41,0.02740382467942312,0.0034405783957866683
2024-04,DST-00112,40,0.04288899970013555,0.0028164704112459815
2024-04,DST-00162,39,0.03169684041066163,0.002681017732734564
2024-04,DST-00115,38,0.014026313931392346,0.0028428948513022226
2024-04,DST-00019,38,0.005779380329536407,0.0011020790922389744
2024-04,WHS-00092,36,0.02325469689759551,0.0050586909491285486
2024-04,WHS-00041,36,0.02079429149805697,0.007099876801644706
2024-04,WHS-00056,30,0.00810792293307549,0.005224043920268905
2024-04,DST-00116,30,0.016822643917061862,0.0017563798971913472
2024-04,WHS-00065,29,0.0047462957837740545,0.003680088158181613
2024-04,WHS-00020,29,0.0,0.0056391644662957706
2024-04,WHS-00029,27,0.011926624128018893,0.0043544757789230355
2024-05,WHS-00014,57,0.06626286221695525,0.006395269206591807
2024-05,MFG-00131,57,0.040492143162738026,0.0020309403298277577
2024-05,MFG-00141,49,0.012430673275422277,0.0009828527099638674
2024-05,WHS-00063,47,0.03975685212827713,0.0031351304845731206
2024-05,MFG-00028,45,0.019600710566786653,0.0022163040450964453
2024-05,DST-00042,42,0.04970840265597158,0.003350871508525653
2024-05,DST-00084,42,0.019517474720158138,0.0035957106068664336
2024-05,WHS-00044,41,0.03558750925622151,0.002883771856355451
2024-05,DST-00149,41,0.02776940012661354,0.0032125210200572058
2024-05,DST-00162,39,0.031191615486922075,0.0023379538267419655
2024-05,DST-00112,39,0.03868044580847312,0.002318902304968432
2024-05,WHS-00041,39,0.020946377178644063,0.006856639267421031
2024-05,WHS-00092,38,0.021351040287773876,0.0048396138242592516
2024-05,DST-00019,38,0.007860900281390547,0.001213054388494368
2024-05,DST-00115,37,0.013706006983115675,0.002480375674226268
2024-05,WHS-00056,31,0.00773481117203515,0.006556930271760971
2024-05,DST-00116,30,0.01626000987406889,0.0017126760591296174
2024-05,WHS-00065,29,0.004316032880451823,0.003587209445085366
2024-05,WHS-00020,29,0.0,0.0052377972440110845
2024-05,WHS-00025,28,0.024057823029945906,0.003956167636474852
2024-06,WHS-00014,58,0.06473977008530832,0.006858111192937021
2024-06,MFG-00131,58,0.0410710000155869,0.0020083278674466534
2024-06,MFG-00141,52,0.01410003992468927,0.0012497814213196237
2024-06,MFG-00028,46,0.02341356364101041,0.002034318949243027
2024-06,WHS-00063,46,0.03720199175205802,0.002652965242954604
2024-06,DST-00042,43,0.0507925708892247,0.003613942420633073
2024-06,DST-00084,42,0.019071017201084402,0.004300176817125203
2024-06,WHS-00044,41,0.03593849763148062,0.002932251114102192
2024-06,DST-00149,41,0.028064187936190328,0.003175029531161206
2024-06,DST-00162,40,0.032565392272228995,0.0022979851244068015
2024-06,WHS-00092,40,0.0221738063277043,0.005533210471495947
2024-06,DST-00112,39,0.03877849084383495,0.002110531313020353
2024-06,DST-00115,39,0.01666245320470571,0.002642464106227197
2024-06,DST-00019,38,0.008235468399084461,0.001199285568087046
2024-06,WHS-00041,38,0.020179965017995925,0.005772282814702132
2024-06,WHS-00056,31,0.008157572856875774,0.004933988250193517
2024-06,DST-00116,31,0.01598617339460358,0.0016980523507222746
2024-06,WHS-00025,30,0.023895982225392118,0.004035378629319145
2024-06,WHS-00020,30,0.0,0.0051725190476465755
2024-06,WHS-00065,28,0.0037741790415431213,0.0034780723515946024
2024-07,MFG-00131,58,0.044165420770217435,0.0020772567954065405
2024-07,WHS-00014,57,0.0658308538569683,0.00613450255644277
2024-07,MFG-00141,53,0.014773613561188911,0.0013053473648113648
2024-07,WHS-00063,49,0.03633933762830795,0.0026913450790372207
2024-07,MFG-00028,46,0.024958556401518405,0.0019294755127165749
2024-07,DST-00084,45,0.021032107289392466,0.004246015444978031
2024-07,DST-00042,43,0.04895074203207078,0.004122271586434243
2024-07,DST-00149,42,0.02520292227675769,0.003671932610630941
2024-07,DST-00162,40,0.0318682758896243,0.0024997972962238196
2024-07,WHS-00044,39,0.03586527737260942,0.002779481001507365
2024-07,DST-00115,39,0.017280828883938722,0.0026598592259870955
2024-07,DST-00019,38,0.007364734929530254,0.0013953346821357034
2024-07,WHS-00092,38,0.020164020565193383,0.004917795221449969
2024-07,DST-00112,37,0.03596122465975591,0.0019489829722123917
2024-07,WHS-00041,34,0.013624017222108003,0.004449191883143245
2024-07,DST-00116,32,0.016499638647612426,0.0014436148061987653
2024-07,WHS-00056,32,0.009559580117983161,0.005035061045612764
2024-07,WHS-00025,31,0.021821221010602257,0.004001307227332389
2024-07,WHS-00020,29,0.0,0.004615822839451424
2024-07,WHS-00065,29,0.004448340146978253,0.003456315635603278
2024-08,MFG-00131,59,0.04522519175598551,0.001711967669589374
2024-08,WHS-00014,58,0.0657864407240171,0.005317383450233118
2024-08,WHS-00063,50,0.04119128648981885,0.002924474693313924
2024-08,MFG-00141,48,0.0016344511828220284,0.0009462990402816075
2024-08,MFG-00028,48,0.026765944964439868,0.0024890059863557205
2024-08,DST-00084,45,0.020235722936960257,0.004564566572757967
2024-08,DST-00149,43,0.02674252885162741,0.003830850038260082
2024-08,DST-00042,43,0.04362095738398477,0.0029163906438875904
2024-08,DST-00162,40,0.03135721602780687,0.0021122518877779556
2024-08,DST-00019,39,0.008133988085823244,0.0012124159119995164
2024-08,WHS-00044,39,0.034365604303239775,0.0025553181502991204
2024-08,DST-00115,39,0.013191053456117858,0.002541649459462538
2024-08,WHS-00092,38,0.01783784968004342,0.005007244103614709
2024-08,DST-00112,37,0.038288714255369484,0.002916840143412419
2024-08,WHS-00041,36,0.012828052845863797,0.004323387090201429
2024-08,DST-00116,33,0.01608615050110489,0.0018791309242722168
2024-08,WHS-00056,32,0.008930396075027032,0.004733548258807867
2024-08,WHS-00025,31,0.020342902963665734,0.0032534873646494723
2024-08,WHS-00033,30,0.013798239987808162,0.0040188442831659375
2024-08,WHS-00065,30,0.005760976858379657,0.0035007782739501364
2024-09,WHS-00014,57,0.06321220630764775,0.004965747395076963
2024-09,MFG-00131,56,0.024870081627704484,0.0014885722455644918
2024-09,WHS-00063,50,0.04383851374150866,0.00291170266050439
2024-09,MFG-00028,49,0.02803522382445787,0.0023299216323533277
2024-09,MFG-00141,48,0.001795316710613591,0.0010163557734860311
2024-09,DST-00084,44,0.02174233633107491,0.004294180955294
2024-09,DST-00042,43,0.04518154245290772,0.0037506365851337187
2024-09,DST-00149,43,0.02720357164469047,0.0025712807082193573
2024-09,DST-00162,41,0.02758984921880123,0.002284928231300395
2024-09,WHS-00044,41,0.03502720368096311,0.00259015697846252
2024-09,WHS-00092,39,0.016615360571472507,0.005272287950357089
2024-09,DST-00115,39,0.013019838850558678,0.0024992333470968075
2024-09,DST-00019,38,0.007979128432854293,0.0011046049925173415
2024-09,WHS-00041,37,0.015217510539656224,0.005211145155112707
2024-09,DST-00112,37,0.05597365749770059,0.002016339669011543
2024-09,DST-00116,33,0.015477931450050992,0.0019052467395480252
2024-09,WHS-00025,32,0.0199529352914996,0.0035492329078563797
2024-09,WHS-00056,31,0.008546394848388658,0.004403006000328006
2024-09,WHS-00065,31,0.006933230157967579,0.004185668089143088
2024-09,WHS-00033,30,0.012223344950503813,0.0037591557726043045
2024-10,WHS-00014,57,0.061502829316478366,0.005337194513097916
2024-10,MFG-00131,55,0.025464867611372777,0.0016514292763078445
2024-10,WHS-00063,50,0.04373843026083055,0.0024349685124594174
2024-10,MFG-00028,49,0.027703891603755047,0.0021397886944724835
2024-10,MFG-00141,49,0.001783003911542874,0.0007651552288578017
2024-10,DST-00084,44,0.023297350855181625,0.0040926808606399235
2024-10,DST-00042,43,0.039285041391137754,0.0036071109186236474
2024-10,DST-00149,42,0.02721438676031478,0.0032490419546634683
2024-10,WHS-00092,41,0.015917705027311956,0.004564526887657251
2024-10,DST-00162,40,0.02880429145964897,0.002614407709964469
2024-10,DST-00019,40,0.009784829491030048,0.0014199838871125597
2024-10,WHS-00044,39,0.03026375945351716,0.0023157008125090626
2024-10,DST-00115,39,0.016636036485630938,0.002894082307345997
2024-10,WHS-00041,39,0.01846861339839881,0.004761336437005071
2024-10,DST-00112,38,0.05603749299578978,0.0019483817727310399
2024-10,DST-00116,33,0.01480818475929112,0.002069343171812032
2024-10,WHS-00025,32,0.017786180882961602,0.004420710333447858
2024-10,WHS-00020,31,0.0,0.005459410212934507
2024-10,WHS-00065,30,0.006670560149040346,0.0037092269522758744
2024-10,WHS-00029,30,0.005414261112781049,0.003271196644410545
2024-11,WHS-00014,58,0.059277072884636385,0.004951423225119113
2024-11,MFG-00131,54,0.025693646476496985,0.001318138370217673
2024-11,WHS-00063,50,0.0424687606278295,0.0026922592598557864
2024-11,MFG-00028,49,0.02709400638144055,0.002164093333365268
2024-11,MFG-00141,49,0.0017366778614183835,0.0007695663454909797
2024-11,DST-00084,44,0.023350296817566625,0.0033218774382305347
2024-11,DST-00042,43,0.03841642167687437,0.002671135281727261
2024-11,DST-00149,43,0.028098491363511852,0.00273623581287331
2024-11,WHS-00092,41,0.015333643658154502,0.004256354954072829
2024-11,DST-00162,40,0.02710418581366813,0.0028051181984973003
2024-11,WHS-00041,39,0.019017619043629967,0.0051218137144470564
2024-11,DST-00019,39,0.010304037295127601,0.0013258614318078575
2024-11,WHS-00044,39,0.031020437697510145,0.0021395464526023328
2024-11,DST-00115,38,0.016638510248186255,0.0027464961726465066
2024-11,DST-00112,38,0.05680039041361788,0.0020179188159600635
2024-11,DST-00116,34,0.015344619643276039,0.0017947401741016014
2024-11,WHS-00025,33,0.01598281994391221,0.0034741134081636357
2024-11,WHS-00033,31,0.012692058596145597,0.0033634873234064688
2024-11,WHS-00056,31,0.01018369201148364,0.004204711256270064
2024-11,WHS-00020,30,0.0,0.004669235499192001
2024-12,WHS-00014,58,0.06523313502316253,0.00551775014571289
2024-12,MFG-00131,56,0.02808566187513965,0.0014568305280352168
2024-12,MFG-00141,51,0.00217849137649072,0.0009622582011463648
2024-12,WHS-00063,50,0.03249636224379291,0.0030281543652888477
2024-12,MFG-00028,48,0.02604931155764008,0.0018238416777104432
2024-12,DST-00084,44,0.02306179619522788,0.003584700296106112
2024-12,DST-00149,42,0.027413840207295346,0.00289588848381609
2024-12,DST-00162,41,0.029154142964832333,0.002423802162068268
2024-12,WHS-00092,41,0.016347641955379737,0.004804641725660546
2024-12,DST-00042,41,0.0411268984236377,0.0033951662162961457
2024-12,WHS-00044,41,0.03103053692110416,0.0021323564433422134
2024-12,WHS-00041,39,0.018584166505354265,0.0047526072536609384
2024-12,DST-00112,37,0.04292016256239505,0.0019971667028429564
2024-12,DST-00019,37,0.009094148240888287,0.0011646003208013774
2024-12,DST-00115,37,0.015429670310209531,0.0017005692392941891
2024-12,WHS-00065,33,0.007428834394041445,0.004641074002992241
2024-12,DST-00116,32,0.013605337907298454,0.0016673975377630404
2024-12,WHS-00033,32,0.013219544784527137,0.0037132167897260225
2024-12,WHS-00025,32,0.017577226863688056,0.003638504800187265
2024-12,WHS-00056,31,0.008918004736530026,0.004290071221213572
2025-01,WHS-00014,58,0.06301412947722292,0.005209678478839362
2025-01,MFG-00131,56,0.028023879663329632,0.0014127079481639551
2025-01,MFG-00141,53,0.002814791036933045,0.0009227685984111811
2025-01,WHS-00063,52,0.03117750622318541,0.002939915624999898
2025-01,MFG-00028,49,0.026445924128269075,0.0016376874273402325
2025-01,WHS-00092,43,0.016502452961427563,0.004328409802689481
2025-01,DST-00084,43,0.021280753668444712,0.004177601627684168
2025-01,DST-00162,41,0.027183283924142168,0.0027959928860372832
2025-01,WHS-00044,40,0.029433367210573783,0.002008128549832539
2025-01,DST-00042,40,0.041666318238819416,0.0029558999983754163
2025-01,WHS-00041,39,0.018562980371181908,0.004651372692255549
2025-01,DST-00149,39,0.026387888241249782,0.003272607508288977
2025-01,DST-00115,38,0.01610325284266441,0.0018018510271875581
2025-01,DST-00112,36,0.04267187287181216,0.0017909752563460748
2025-01,DST-00019,36,0.008946148068442227,0.0012621637175509023
2025-01,WHS-00033,34,0.012838314465014294,0.0033209525191885427
2025-01,WHS-00065,33,0.0071482033888361045,0.004744215563891475
2025-01,DST-00116,33,0.01298660211451775,0.0017816036724125016
2025-01,WHS-00025,32,0.01566469583930519,0.00394509306896406
2025-01,WHS-00056,30,0.007055119660725722,0.004264495602658986
2025-02,WHS-00014,59,0.06433157545032692,0.004011435083737496
2025-02,MFG-00141,56,0.0034986603177841343,0.0010974794202961253
2025-02,MFG-00131,53,0.025741398944993638,0.0012507096611438983
2025-02,WHS-00063,53,0.030791050137925838,0.003215760622902741
2025-02,MFG-00028,50,0.02719065156449228,0.001569841014277051
2025-02,DST-00084,45,0.022248792649246903,0.004291197279794785
2025-02,WHS-00092,43,0.014423193556171844,0.00404261598255277
2025-02,WHS-00044,41,0.02949669597181216,0.002388023101386141
2025-02,DST-00042,41,0.04075688497827846,0.0026244206820837408
2025-02,DST-00162,41,0.026929825412914818,0.002292040888353466
2025-02,DST-00115,40,0.017306136371204563,0.0024428372024535346
2025-02,WHS-00041,39,0.019895735343768744,0.0045868781233760125
2025-02,DST-00149,38,0.024425979472475084,0.0026345805001876128
2025-02,DST-00112,37,0.04012662942628007,0.0017866239977965442
2025-02,DST-00019,37,0.00929246787720091,0.0013524154705151588
2025-02,DST-00116,33,0.011700706514436736,0.0015876670864817103
2025-02,WHS-00025,33,0.014618132372820449,0.004200461842397797
2025-02,WHS-00065,33,0.007316408643627607,0.0036832748375505335
2025-02,WHS-00033,32,0.01022181499350303,0.003129392515051951
2025-02,WHS-00056,31,0.006664310032585926,0.004600872864992577
2025-03,WHS-00014,60,0.0659044455690047,0.0050714959330059204
2025-03,MFG-00141,58,0.004031201596237179,0.0010962185052251973
2025-03,WHS-00063,53,0.02776642441934599,0.0027550851923832213
2025-03,MFG-00131,51,0.025139779212152873,0.0014811961460970422
2025-03,MFG-00028,48,0.025865745008184407,0.0016560776515635034
2025-03,DST-00084,47,0.024267504802239104,0.0038124761710369584
2025-03,WHS-00092,44,0.014739244290668673,0.0038640909161956976
2025-03,DST-00042,41,0.03984562351356455,0.0029628637573117724
2025-03,DST-00162,41,0.02615462092669168,0.0024378889933699744
2025-03,DST-00115,41,0.021028170364200675,0.0026269388661204927
2025-03,WHS-00041,40,0.020586904562784225,0.0037641600454666932
2025-03,WHS-00044,39,0.028748823171395564,0.0024039339978063545
2025-03,DST-00149,38,0.023569601040684292,0.0025564105161086765
2025-03,DST-00019,37,0.009210770311328012,0.0010234835014132947
2025-03,DST-00112,37,0.03817112531648048,0.001839522476930667
2025-03,WHS-00065,34,0.007362025196742608,0.003735672660490659
2025-03,WHS-00033,33,0.009558509140599542,0.0034719371251319825
2025-03,WHS-00025,32,0.01425661847585423,0.0033760899493008286
2025-03,DST-00116,32,0.011183053553128198,0.0014590326960931424
2025-03,WHS-00056,31,0.0060899904848406225,0.003869894513733536
2025-04,WHS-00014,62,0.06684560094487671,0.004141884911468676
2025-04,MFG-00141,58,0.003890304676874301,0.0010912159260729594
2025-04,WHS-00063,55,0.028806173973347258,0.0031931353865787384
2025-04,MFG-00131,50,0.024517027684199034,0.00140382220504508
2025-04,MFG-00028,47,0.024699481316087568,0.0014707105459550059
2025-04,DST-00084,46,0.02525634341598183,0.004035661175043753
2025-04,WHS-00092,44,0.012213920738185039,0.004203607240679285
2025-04,DST-00042,41,0.04119754928816826,0.0029348121115559543
2025-04,WHS-00044,41,0.030230000749421598,0.0027988945492231133
2025-04,DST-00115,41,0.021766390434276903,0.003028375327871951
2025-04,WHS-00041,40,0.021001633361740168,0.004586850466786763
2025-04,DST-00162,40,0.02458217571380489,0.0024965044758967383
2025-04,DST-00112,39,0.038637653556572525,0.001641067986355424
2025-04,DST-00149,37,0.022979321642853098,0.002834725478791764
2025-04,DST-00019,37,0.009393282918616202,0.0013524574719358652
2025-04,WHS-00065,34,0.006684691101409626,0.004609277827527232
2025-04,WHS-00033,33,0.009702226491306282,0.003386095889408591
2025-04,WHS-00002,32,0.009198271351638556,0.0029385353264889816
2025-04,DST-00116,32,0.011173113877242498,0.0013623251177934496
2025-04,WHS-00056,31,0.006120960280244342,0.003779815659449503
2025-05,WHS-00014,64,0.06588458255703385,0.004666369318993315
2025-05,MFG-00141,57,0.003776767209370096,0.0010811591198923221
2025-05,WHS-00063,55,0.030798610470047144,0.0029326472293831605
2025-05,MFG-00131,50,0.023432308664067533,0.0012843590968901995
2025-05,MFG-00028,47,0.022278528320741807,0.0015267892598546235
2025-05,DST-00084,46,0.027385896881608605,0.004064487606561454
2025-05,WHS-00092,45,0.016741896469189214,0.004312582215026883
2025-05,DST-00162,42,0.02307237705592349,0.002041324405680423
2025-05,DST-00115,41,0.019903179405293313,0.0026817681356966416
2025-05,WHS-00044,41,0.03456370936697713,0.002423871981178794
2025-05,DST-00042,40,0.04413298570937398,0.002984052175185763
2025-05,DST-00112,39,0.0389174312576567,0.0016873834435114567
2025-05,WHS-00041,39,0.016508036300941976,0.004940132823681835
2025-05,DST-00019,38,0.009528492035179484,0.0015668827520604355
2025-05,DST-00149,36,0.01918086440923105,0.0024841913735665654
2025-05,WHS-00033,34,0.01109120099002961,0.002842188917797289
2025-05,WHS-00065,33,0.005823101436246795,0.003964420108255934
2025-05,WHS-00056,33,0.005655724306901917,0.004450168553031572
2025-05,WHS-00029,32,0.006966713370934814,0.0031367966693665035
2025-05,WHS-00025,31,0.011944044802697947,0.0039764248778969705
2025-06,WHS-00014,63,0.06346805711446202,0.004728468403722329
2025-06,MFG-00141,56,0.003659213720056126,0.0009282734772596532
2025-06,WHS-00063,55,0.030679311446391765,0.0031115031448731
2025-06,MFG-00131,50,0.023789919015758113,0.0017424673345249185
2025-06,MFG-00028,48,0.02311210271920861,0.0012250835854622042
2025-06,DST-00084,45,0.026184660534523552,0.0039443271811959845
2025-06,WHS-00092,45,0.016113474479307204,0.003921912038370089
2025-06,DST-00162,42,0.02293985247860445,0.002093598644266568
2025-06,DST-00115,41,0.018712183460270464,0.002884144039244473
2025-06,WHS-00041,40,0.016487209893791443,0.0044120707207971396
2025-06,DST-00112,40,0.03792142615376487,0.0015382381421357378
2025-06,WHS-00044,40,0.034767299722852786,0.0017121710326178465
2025-06,DST-00042,39,0.042993098047258996,0.0024887620113225083
2025-06,DST-00019,36,0.008152436728244901,0.0014705697041198355
2025-06,WHS-00033,34,0.010528317584882832,0.0028546057418959636
2025-06,DST-00149,34,0.018798347745356506,0.002875803495145768
2025-06,WHS-00065,33,0.005800553494476233,0.0032145221510356176
2025-06,WHS-00056,33,0.005393759317153238,0.004195113983250134
2025-06,WHS-00025,31,0.011748232678580243,0.003700843117007238
2025-06,DST-00116,31,0.009679142999087183,0.0012250344378342388
2025-07,WHS-00014,63,0.06305320941083578,0.0047848436396257426
2025-07,MFG-00141,56,0.003476150143750399,0.0009601011943086639
2025-07,WHS-00063,54,0.02997846363230662,0.0027781155181989827
2025-07,MFG-00131,51,0.023852356115686462,0.0015140674633037075
2025-07,MFG-00028,49,0.02224649393005905,0.0015114067855252543
2025-07,WHS-00092,48,0.016761647874688295,0.0045179960069026415
2025-07,DST-00084,44,0.025430673735748203,0.004149283968526878
2025-07,DST-00162,41,0.02293980167236046,0.0024685833742291003
2025-07,DST-00112,41,0.03945253226982688,0.002042342119733382
2025-07,DST-00115,41,0.018607410804875314,0.003016379967523114
2025-07,WHS-00044,40,0.03333304471281043,0.0019089688748826993
2025-07,DST-00042,40,0.04210160814495084,0.0029429458656232777
2025-07,WHS-00041,40,0.015455897378166094,0.00501215907764143
2025-07,DST-00149,35,0.019058711921607307,0.0024461226259262308
2025-07,DST-00019,35,0.009484707748538523,0.0014707153637777575
2025-07,WHS-00056,34,0.005139250656624478,0.003766973968945235
2025-07,WHS-00033,34,0.00973477706235678,0.003125611904129645
2025-07,WHS-00065,34,0.006857320197044979,0.0034255657556219
2025-07,WHS-00025,32,0.011161939074348792,0.003297475473022338
2025-07,WHS-00002,31,0.007449045644714407,0.0026493214187644954
2025-08,WHS-00014,62,0.06256467488645764,0.004441697991119912
2025-08,MFG-00141,56,0.0032005005242132993,0.0008322019635278756
2025-08,WHS-00063,53,0.027536571735480662,0.002480757359726884
2025-08,MFG-00028,51,0.023531113322154778,0.0016765431220727098
2025-08,MFG-00131,51,0.02369202113200861,0.0015225525873585495
2025-08,WHS-00092,47,0.015019620687376412,0.004318916250155338
2025-08,DST-00084,45,0.02448417081507403,0.003938220916184295
2025-08,DST-00162,43,0.024978977047167984,0.0020897220839561385
2025-08,WHS-00044,43,0.0387901512174337,0.0024540334429803004
2025-08,DST-00115,42,0.018931667241672882,0.0034044817763017486
2025-08,WHS-00041,42,0.015331588210101506,0.0050269549637652405
2025-08,DST-00112,41,0.0383393808807991,0.0020108156030121177
2025-08,DST-00042,40,0.04189316715882634,0.002667804505556463
2025-08,DST-00149,36,0.01867265801453655,0.0028738630542693233
2025-08,WHS-00033,35,0.01016699369878531,0.003616176066774215
2025-08,DST-00019,35,0.009206138194195785,0.0013311780495055769
2025-08,WHS-00056,34,0.004702054377558813,0.0039357523426823676
2025-08,WHS-00065,33,0.006857541710738318,0.0037413712271031924
2025-08,WHS-00025,33,0.011766800403015008,0.0035842042269242707
2025-08,WHS-00029,32,0.006368977442355008,0.0026698453925503426
2025-09,WHS-00014,62,0.05987209033845743,0.0038114973546084677
2025-09,MFG-00141,54,0.0028802403668370955,0.0007406314435552795
2025-09,WHS-00063,53,0.02730301967768656,0.0024157522660184605
2025-09,MFG-00028,51,0.023777533243415517,0.0015627792086934508
2025-09,MFG-00131,50,0.022690807437810073,0.0015948548006085943
2025-09,WHS-00092,47,0.014853656167957195,0.0037979417430335054
2025-09,DST-00084,45,0.02414436089011646,0.0039680972167291575
2025-09,DST-00162,44,0.02628766210337531,0.002261516496261087
2025-09,WHS-00041,44,0.014930561000320149,0.005979141933846258
2025-09,WHS-00044,43,0.037426667455398466,0.0024915817458493893
2025-09,DST-00115,41,0.017918930792436217,0.00296005074980038
2025-09,DST-00112,41,0.037216679423669304,0.002361166593063038
2025-09,DST-00042,40,0.041512713062835556,0.00289899826462628
2025-09,DST-00149,36,0.019232347074608094,0.0031488623370971363
2025-09,DST-00019,36,0.010035884579674453,0.0015581542309117253
2025-09,WHS-00033,35,0.009877208412850183,0.0031383060710843194
2025-09,WHS-00065,35,0.009399614676903574,0.0033640507809267546
2025-09,WHS-00025,34,0.014046632434401561,0.0035319018729946267
2025-09,WHS-00056,34,0.0045029122354101996,0.0036492067849788184
2025-09,WHS-00029,33,0.007076659905700879,0.0029352972736149748
2025-10,WHS-00014,64,0.0588804076300402,0.003961434131209122
2025-10,MFG-00028,52,0.02363590554699514,0.0017734604068660727
2025-10,WHS-00063,52,0.02550834886009489,0.002174959645967277
2025-10,MFG-00141,52,0.0029720005224946693,0.0007704717020089825
2025-10,MFG-00131,51,0.02383184392699757,0.0013877818356346488
2025-10,WHS-00092,47,0.015519860335967535,0.0038930496504075043
2025-10,DST-00084,45,0.023530469317503192,0.0036951088175046615
2025-10,WHS-00044,44,0.037087826029995635,0.0021544525636764656
2025-10,DST-00162,44,0.026841436188834965,0.002596321290365853
2025-10,DST-00112,44,0.046072404198878605,0.002798755277550716
2025-10,WHS-00041,43,0.013045280964722999,0.004511714401549995
2025-10,DST-00115,42,0.016791529496910308,0.002601363352552619
2025-10,DST-00042,40,0.03811872619547141,0.0028919124198075368
2025-10,DST-00149,37,0.019114025769559007,0.0021227636373492833
2025-10,DST-00019,37,0.010385320356200175,0.0016852847234560015
2025-10,WHS-00025,36,0.014639909872575765,0.003366272041030973
2025-10,WHS-00065,36,0.01133256477746744,0.004191492852489792
2025-10,WHS-00029,34,0.007152462437018663,0.0029808563711903446
2025-10,WHS-00056,34,0.00426402053028867,0.0039665793090533676
2025-10,WHS-00053,33,0.0035434765726044125,0.0038320020113088403
2025-11,WHS-00014,64,0.056340977729373534,0.004335367413699969
2025-11,WHS-00063,53,0.025048212932575694,0.0021708072885266746
2025-11,MFG-00141,52,0.0033787229168806498,0.0007678238254144986
2025-11,MFG-00028,52,0.023554801079626913,0.001577133488470205
2025-11,MFG-00131,50,0.021995367794046056,0.0014724500023716345
2025-11,WHS-00092,47,0.01473450717617729,0.003760200155729996
2025-11,WHS-00041,45,0.014354081288462068,0.005136089348662453
2025-11,DST-00084,45,0.02249004184648703,0.003908152474244269
2025-11,WHS-00044,45,0.03635382736029365,0.0022772062494006325
2025-11,DST-00162,43,0.02587143171173505,0.0023390508771105475
2025-11,DST-00112,42,0.04113190620570205,0.002285042267736407
2025-11,DST-00115,42,0.017493971567963267,0.00300978893954322
2025-11,DST-00042,40,0.03918584525837861,0.0025912915079109463
2025-11,DST-00149,39,0.021629810187901253,0.0024103235797678074
2025-11,DST-00019,37,0.010673438269897258,0.0014525785759662083
2025-11,WHS-00065,36,0.008518854249711492,0.003781315587706915
2025-11,WHS-00025,36,0.013653845080268626,0.003483511009190749
2025-11,WHS-00056,35,0.0035493232522340623,0.003890208165153057
2025-11,WHS-00053,33,0.003731882411170423,0.004334838233978857
2025-11,WHS-00090,33,0.013920854472310404,0.002548348270536871
2025-12,WHS-00014,65,0.05752705805502662,0.003659302074028339
2025-12,MFG-00028,53,0.0233018629416838,0.0012934228444210348
2025-12,WHS-00063,52,0.025041784040911366,0.0025424856502423193
2025-12,MFG-00131,51,0.0251401768075329,0.0015116696554279014
2025-12,MFG-00141,50,0.0035472801696413915,0.0008563269440326374
2025-12,WHS-00092,45,0.015050980961645864,0.0033655875027881563
2025-12,WHS-00044,44,0.03634125845079533,0.0020727910978743853
2025-12,WHS-00041,44,0.011908783759073864,0.004668839157403734
2025-12,DST-00084,43,0.022389333537007686,0.002952393187858876
2025-12,DST-00162,42,0.02628648253819511,0.002875625349061806
2025-12,DST-00115,41,0.017353012552398895,0.002957488975896251
2025-12,DST-00112,41,0.027282899849316377,0.0015125166882265925
2025-12,DST-00042,40,0.04076058987917546,0.0027744449937721293
2025-12,DST-00149,38,0.02060283872006963,0.0027825510006478493
2025-12,DST-00019,37,0.010715661898447103,0.0015789435639520831
2025-12,WHS-00065,36,0.009075484443321038,0.00391590877059059
2025-12,WHS-00090,36,0.014413875592918868,0.0031005296947818712
2025-12,WHS-00025,36,0.013548553286899953,0.003699147693052187
2025-12,WHS-00056,35,0.0033624497372300704,0.0036635698540608327
2025-12,WHS-00053,34,0.004257704132338424,0.003757262409245002
